type,value,location,timestamp
audio,47.68978282981922,IGA Marché Tellier Sainte Dorothee,2026-06-14T10:36:16Z
audio,49.61654580144268,IGA Marché Tellier Sainte Dorothee,2026-06-14T10:36:16Z
audio,51.5594316642665,IGA Marché Tellier Sainte Dorothee,2026-06-14T10:36:16Z
audio,51.10146662697449,IGA Marché Tellier Sainte Dorothee,2026-06-14T10:36:16Z
audio,50.073337517574615,IGA Marché Tellier Sainte Dorothee,2026-06-14T10:36:16Z
audio,47.394929114699174,IGA Marché Tellier Sainte Dorothee,2026-06-14T10:36:16Z
audio,48.16633390045995,IGA Marché Tellier Sainte Dorothee,2026-06-14T10:36:16Z
audio,52.15053538148786,IGA Marché Tellier Sainte Dorothee,2026-06-14T10:36:16Z
audio,49.97757282122639,IGA Marché Tellier Sainte Dorothee,2026-06-14T10:36:16Z
audio,48.7667935998133,IGA Marché Tellier Sainte Dorothee,2026-06-14T10:36:16Z
audio,47.783093219319,IGA Marché Tellier Sainte Dorothee,2026-06-14T10:36:16Z
audio,49.91418644278517,IGA Marché Tellier Sainte Dorothee,2026-06-14T10:36:16Z
audio,50.910007285534284,IGA Marché Tellier Sainte Dorothee,2026-06-14T10:36:16Z
audio,50.72825893510614,IGA Marché Tellier Sainte Dorothee,2026-06-14T10:36:16Z
audio,46.11505250101139,IGA Marché Tellier Sainte Dorothee,2026-06-14T10:36:16Z
audio,42.58910925109775,IGA Marché Tellier Sainte Dorothee,2026-06-14T10:36:36Z
audio,50.47587527002168,IGA Marché Tellier Sainte Dorothee,2026-06-14T10:36:36Z
audio,50.78155539026995,IGA Marché Tellier Sainte Dorothee,2026-06-14T10:36:36Z
audio,53.24820581942366,IGA Marché Tellier Sainte Dorothee,2026-06-14T10:36:36Z
audio,51.96116514210911,IGA Marché Tellier Sainte Dorothee,2026-06-14T10:36:36Z
audio,47.210920847281926,IGA Marché Tellier Sainte Dorothee,2026-06-14T10:36:36Z
audio,47.69394466327892,IGA Marché Tellier Sainte Dorothee,2026-06-14T10:36:36Z
audio,50.41679198367578,IGA Marché Tellier Sainte Dorothee,2026-06-14T10:36:36Z
audio,49.917237004196025,IGA Marché Tellier Sainte Dorothee,2026-06-14T10:36:36Z
audio,48.022206594042146,IGA Marché Tellier Sainte Dorothee,2026-06-14T10:36:36Z
audio,48.11336733751326,IGA Marché Tellier Sainte Dorothee,2026-06-14T10:36:36Z
audio,48.193823430593305,IGA Marché Tellier Sainte Dorothee,2026-06-14T10:36:36Z
audio,49.24481808539784,IGA Marché Tellier Sainte Dorothee,2026-06-14T10:36:36Z
audio,51.69039673255226,IGA Marché Tellier Sainte Dorothee,2026-06-14T10:36:36Z
audio,47.30382129506806,IGA Marché Tellier Sainte Dorothee,2026-06-14T10:36:36Z
audio,47.05088324571429,IGA Marché Tellier Sainte Dorothee,2026-06-14T10:36:36Z
audio,44.2011795828713,IGA Marché Tellier Sainte Dorothee,2026-06-14T10:36:58Z
audio,49.56413767365327,IGA Marché Tellier Sainte Dorothee,2026-06-14T10:36:58Z
audio,51.23781001669229,IGA Marché Tellier Sainte Dorothee,2026-06-14T10:36:58Z
audio,53.73362146631251,IGA Marché Tellier Sainte Dorothee,2026-06-14T10:36:58Z
audio,55.21699287107705,IGA Marché Tellier Sainte Dorothee,2026-06-14T10:36:58Z
audio,50.58294112542625,IGA Marché Tellier Sainte Dorothee,2026-06-14T10:36:58Z
audio,51.51342135787982,IGA Marché Tellier Sainte Dorothee,2026-06-14T10:36:58Z
audio,49.798020010797856,IGA Marché Tellier Sainte Dorothee,2026-06-14T10:36:58Z
audio,49.35473521582509,IGA Marché Tellier Sainte Dorothee,2026-06-14T10:36:58Z
audio,50.11658026780989,IGA Marché Tellier Sainte Dorothee,2026-06-14T10:36:58Z
audio,52.3470293534962,IGA Marché Tellier Sainte Dorothee,2026-06-14T10:36:58Z
audio,48.93522868288863,IGA Marché Tellier Sainte Dorothee,2026-06-14T10:36:58Z
audio,50.03158490193055,IGA Marché Tellier Sainte Dorothee,2026-06-14T10:36:58Z
audio,49.16118583962252,IGA Marché Tellier Sainte Dorothee,2026-06-14T10:36:58Z
audio,49.96502759478733,IGA Marché Tellier Sainte Dorothee,2026-06-14T10:36:58Z
audio,48.40926636361174,IGA Marché Tellier Sainte Dorothee,2026-06-14T10:36:58Z
audio,47.33802401780143,IGA Marché Tellier Sainte Dorothee,2026-06-14T10:36:58Z
audio,43.61430041549031,IGA Marché Tellier Sainte Dorothee,2026-06-14T10:37:20Z
audio,50.44452923380109,IGA Marché Tellier Sainte Dorothee,2026-06-14T10:37:20Z
audio,49.5773314596652,IGA Marché Tellier Sainte Dorothee,2026-06-14T10:37:20Z
audio,48.729232875677795,IGA Marché Tellier Sainte Dorothee,2026-06-14T10:37:20Z
audio,47.6793187529423,IGA Marché Tellier Sainte Dorothee,2026-06-14T10:37:20Z
audio,50.37290678076818,IGA Marché Tellier Sainte Dorothee,2026-06-14T10:37:20Z
audio,51.127236133147974,IGA Marché Tellier Sainte Dorothee,2026-06-14T10:37:20Z
audio,51.97140372769557,IGA Marché Tellier Sainte Dorothee,2026-06-14T10:37:20Z
audio,48.566352303627774,IGA Marché Tellier Sainte Dorothee,2026-06-14T10:37:20Z
audio,48.02433357819311,IGA Marché Tellier Sainte Dorothee,2026-06-14T10:37:20Z
audio,50.09222263278684,IGA Marché Tellier Sainte Dorothee,2026-06-14T10:37:20Z
audio,50.59511889977685,IGA Marché Tellier Sainte Dorothee,2026-06-14T10:37:20Z
audio,49.89188620399191,IGA Marché Tellier Sainte Dorothee,2026-06-14T10:37:20Z
audio,48.71889595435284,IGA Marché Tellier Sainte Dorothee,2026-06-14T10:37:20Z
audio,46.49957717385413,IGA Marché Tellier Sainte Dorothee,2026-06-14T10:37:20Z
audio,52.00446566771612,IGA Marché Tellier Sainte Dorothee,2026-06-14T10:37:20Z
audio,50.31600082451294,IGA Marché Tellier Sainte Dorothee,2026-06-14T10:37:20Z
audio,43.84139697474769,IGA Marché Tellier Sainte Dorothee,2026-06-14T10:37:42Z
audio,48.56325307016073,IGA Marché Tellier Sainte Dorothee,2026-06-14T10:37:42Z
audio,48.20091220095172,IGA Marché Tellier Sainte Dorothee,2026-06-14T10:37:42Z
audio,44.64611623426312,IGA Marché Tellier Sainte Dorothee,2026-06-14T10:37:42Z
audio,46.55987605175206,IGA Marché Tellier Sainte Dorothee,2026-06-14T10:37:42Z
audio,49.60565919101878,IGA Marché Tellier Sainte Dorothee,2026-06-14T10:37:42Z
audio,50.17317424805955,IGA Marché Tellier Sainte Dorothee,2026-06-14T10:37:42Z
audio,47.631418340239236,IGA Marché Tellier Sainte Dorothee,2026-06-14T10:37:42Z
audio,48.83925571786065,IGA Marché Tellier Sainte Dorothee,2026-06-14T10:37:42Z
audio,48.45371376047237,IGA Marché Tellier Sainte Dorothee,2026-06-14T10:37:42Z
audio,50.94922337983788,IGA Marché Tellier Sainte Dorothee,2026-06-14T10:37:42Z
audio,51.33457878830412,IGA Marché Tellier Sainte Dorothee,2026-06-14T10:37:42Z
audio,50.43122526888415,IGA Marché Tellier Sainte Dorothee,2026-06-14T10:37:42Z
audio,48.56280630164055,IGA Marché Tellier Sainte Dorothee,2026-06-14T10:37:42Z
audio,50.27688010963154,IGA Marché Tellier Sainte Dorothee,2026-06-14T10:37:42Z
audio,51.77082044762864,IGA Marché Tellier Sainte Dorothee,2026-06-14T10:37:42Z
audio,48.7721363861568,IGA Marché Tellier Sainte Dorothee,2026-06-14T10:37:42Z
audio,45.192636334858456,IGA Marché Tellier Sainte Dorothee,2026-06-14T10:38:04Z
audio,49.76143555096804,IGA Marché Tellier Sainte Dorothee,2026-06-14T10:38:04Z
audio,45.06306109615877,IGA Marché Tellier Sainte Dorothee,2026-06-14T10:38:04Z
audio,47.610127338338245,IGA Marché Tellier Sainte Dorothee,2026-06-14T10:38:04Z
audio,49.04378775630949,IGA Marché Tellier Sainte Dorothee,2026-06-14T10:38:04Z
audio,47.57639453715311,IGA Marché Tellier Sainte Dorothee,2026-06-14T10:38:04Z
audio,48.46627713975141,IGA Marché Tellier Sainte Dorothee,2026-06-14T10:38:04Z
audio,47.25643627686771,IGA Marché Tellier Sainte Dorothee,2026-06-14T10:38:04Z
audio,48.59143847888593,IGA Marché Tellier Sainte Dorothee,2026-06-14T10:38:04Z
audio,51.01983893168287,IGA Marché Tellier Sainte Dorothee,2026-06-14T10:38:04Z
audio,49.461121610982595,IGA Marché Tellier Sainte Dorothee,2026-06-14T10:38:04Z
audio,51.33236642536136,IGA Marché Tellier Sainte Dorothee,2026-06-14T10:38:04Z
audio,49.17098210116053,IGA Marché Tellier Sainte Dorothee,2026-06-14T10:38:04Z
audio,47.77454207593298,IGA Marché Tellier Sainte Dorothee,2026-06-14T10:38:04Z
audio,51.56654685543711,IGA Marché Tellier Sainte Dorothee,2026-06-14T10:38:04Z
audio,51.24108001051852,IGA Marché Tellier Sainte Dorothee,2026-06-14T10:38:04Z
audio,50.6396675995126,IGA Marché Tellier Sainte Dorothee,2026-06-14T10:38:04Z
audio,41.75462930054859,IGA Marché Tellier Sainte Dorothee,2026-06-14T10:38:27Z
audio,47.078664419494984,IGA Marché Tellier Sainte Dorothee,2026-06-14T10:38:27Z
audio,47.30555934832885,IGA Marché Tellier Sainte Dorothee,2026-06-14T10:38:27Z
audio,46.560370774587284,IGA Marché Tellier Sainte Dorothee,2026-06-14T10:38:27Z
audio,49.29122376474047,IGA Marché Tellier Sainte Dorothee,2026-06-14T10:38:27Z
audio,48.822272875709096,IGA Marché Tellier Sainte Dorothee,2026-06-14T10:38:27Z
audio,47.771747752054445,IGA Marché Tellier Sainte Dorothee,2026-06-14T10:38:27Z
audio,44.394301950229114,IGA Marché Tellier Sainte Dorothee,2026-06-14T10:38:27Z
audio,50.57754202427663,IGA Marché Tellier Sainte Dorothee,2026-06-14T10:38:27Z
audio,51.35172121220595,IGA Marché Tellier Sainte Dorothee,2026-06-14T10:38:27Z
audio,49.98781767129495,IGA Marché Tellier Sainte Dorothee,2026-06-14T10:38:27Z
audio,45.601466616512724,IGA Marché Tellier Sainte Dorothee,2026-06-14T10:38:27Z
audio,47.11602922400999,IGA Marché Tellier Sainte Dorothee,2026-06-14T10:38:27Z
audio,50.991090090692445,IGA Marché Tellier Sainte Dorothee,2026-06-14T10:38:27Z
audio,48.5801559359342,IGA Marché Tellier Sainte Dorothee,2026-06-14T10:38:27Z
audio,47.67222059832581,IGA Marché Tellier Sainte Dorothee,2026-06-14T10:38:27Z
audio,43.29350764491626,IGA Marché Tellier Sainte Dorothee,2026-06-14T10:38:47Z
audio,48.95712989415179,IGA Marché Tellier Sainte Dorothee,2026-06-14T10:38:47Z
audio,47.04945548436743,IGA Marché Tellier Sainte Dorothee,2026-06-14T10:38:47Z
audio,47.52476530375287,IGA Marché Tellier Sainte Dorothee,2026-06-14T10:38:47Z
audio,49.82332472062902,IGA Marché Tellier Sainte Dorothee,2026-06-14T10:38:47Z
audio,51.934309677517504,IGA Marché Tellier Sainte Dorothee,2026-06-14T10:38:47Z
audio,53.17936076999339,IGA Marché Tellier Sainte Dorothee,2026-06-14T10:38:47Z
audio,50.204127241957124,IGA Marché Tellier Sainte Dorothee,2026-06-14T10:38:47Z
audio,48.20392411710978,IGA Marché Tellier Sainte Dorothee,2026-06-14T10:38:47Z
audio,49.557115891710566,IGA Marché Tellier Sainte Dorothee,2026-06-14T10:38:47Z
audio,50.88980943183853,IGA Marché Tellier Sainte Dorothee,2026-06-14T10:38:47Z
audio,50.7607186373523,IGA Marché Tellier Sainte Dorothee,2026-06-14T10:38:47Z
audio,49.65621481942211,IGA Marché Tellier Sainte Dorothee,2026-06-14T10:38:47Z
audio,45.32069222007049,IGA Marché Tellier Sainte Dorothee,2026-06-14T10:38:47Z
audio,48.60646931044436,IGA Marché Tellier Sainte Dorothee,2026-06-14T10:38:47Z
audio,49.511450306999826,IGA Marché Tellier Sainte Dorothee,2026-06-14T10:38:47Z
audio,47.43332448592263,IGA Marché Tellier Sainte Dorothee,2026-06-14T10:38:47Z
audio,41.13619542280996,IGA Marché Tellier Sainte Dorothee,2026-06-14T10:39:10Z
audio,48.50068316823539,IGA Marché Tellier Sainte Dorothee,2026-06-14T10:39:10Z
audio,49.80021289690686,IGA Marché Tellier Sainte Dorothee,2026-06-14T10:39:10Z
audio,51.497082788726786,IGA Marché Tellier Sainte Dorothee,2026-06-14T10:39:10Z
audio,49.64869046161895,IGA Marché Tellier Sainte Dorothee,2026-06-14T10:39:10Z
audio,47.90562038625468,IGA Marché Tellier Sainte Dorothee,2026-06-14T10:39:10Z
audio,47.094971000746035,IGA Marché Tellier Sainte Dorothee,2026-06-14T10:39:10Z
audio,47.99024570776537,IGA Marché Tellier Sainte Dorothee,2026-06-14T10:39:10Z
audio,48.51586862242335,IGA Marché Tellier Sainte Dorothee,2026-06-14T10:39:10Z
audio,47.33285788955278,IGA Marché Tellier Sainte Dorothee,2026-06-14T10:39:10Z
audio,49.97111647988767,IGA Marché Tellier Sainte Dorothee,2026-06-14T10:39:10Z
audio,49.14694031693852,IGA Marché Tellier Sainte Dorothee,2026-06-14T10:39:10Z
audio,46.23013129285873,IGA Marché Tellier Sainte Dorothee,2026-06-14T10:39:10Z
audio,48.80005024185388,IGA Marché Tellier Sainte Dorothee,2026-06-14T10:39:10Z
audio,50.42892047019356,IGA Marché Tellier Sainte Dorothee,2026-06-14T10:39:10Z
audio,50.09417335186561,IGA Marché Tellier Sainte Dorothee,2026-06-14T10:39:10Z
audio,44.13459291916386,IGA Marché Tellier Sainte Dorothee,2026-06-14T10:39:32Z
audio,53.07710877112109,IGA Marché Tellier Sainte Dorothee,2026-06-14T10:39:32Z
audio,51.105839999912064,IGA Marché Tellier Sainte Dorothee,2026-06-14T10:39:32Z
audio,48.81790806866539,IGA Marché Tellier Sainte Dorothee,2026-06-14T10:39:32Z
audio,51.18582596683438,IGA Marché Tellier Sainte Dorothee,2026-06-14T10:39:32Z
audio,50.73973858340038,IGA Marché Tellier Sainte Dorothee,2026-06-14T10:39:32Z
audio,50.891008261116546,IGA Marché Tellier Sainte Dorothee,2026-06-14T10:39:32Z
audio,49.101611737422,IGA Marché Tellier Sainte Dorothee,2026-06-14T10:39:32Z
audio,49.05445113494245,IGA Marché Tellier Sainte Dorothee,2026-06-14T10:39:32Z
audio,46.96475705925867,IGA Marché Tellier Sainte Dorothee,2026-06-14T10:39:32Z
audio,50.08282590317482,IGA Marché Tellier Sainte Dorothee,2026-06-14T10:39:32Z
audio,51.41463403280602,IGA Marché Tellier Sainte Dorothee,2026-06-14T10:39:32Z
audio,51.11753084122831,IGA Marché Tellier Sainte Dorothee,2026-06-14T10:39:32Z
audio,48.63014585493741,IGA Marché Tellier Sainte Dorothee,2026-06-14T10:39:32Z
audio,50.07114329184893,IGA Marché Tellier Sainte Dorothee,2026-06-14T10:39:32Z
audio,51.247236852661004,IGA Marché Tellier Sainte Dorothee,2026-06-14T10:39:32Z
audio,49.111991568718494,IGA Marché Tellier Sainte Dorothee,2026-06-14T10:39:32Z
audio,43.64706352125641,IGA Marché Tellier Sainte Dorothee,2026-06-14T10:39:54Z
audio,47.12735788057549,IGA Marché Tellier Sainte Dorothee,2026-06-14T10:39:54Z
audio,47.709849389674474,IGA Marché Tellier Sainte Dorothee,2026-06-14T10:39:54Z
audio,50.65509370174502,IGA Marché Tellier Sainte Dorothee,2026-06-14T10:39:54Z
audio,52.096905042666165,IGA Marché Tellier Sainte Dorothee,2026-06-14T10:39:54Z
audio,50.755005011054976,IGA Marché Tellier Sainte Dorothee,2026-06-14T10:39:54Z
audio,48.182920314438135,IGA Marché Tellier Sainte Dorothee,2026-06-14T10:39:54Z
audio,48.388702078464256,IGA Marché Tellier Sainte Dorothee,2026-06-14T10:39:54Z
audio,49.563487458160154,IGA Marché Tellier Sainte Dorothee,2026-06-14T10:39:54Z
audio,48.15921786822726,IGA Marché Tellier Sainte Dorothee,2026-06-14T10:39:54Z
audio,47.012224544000944,IGA Marché Tellier Sainte Dorothee,2026-06-14T10:39:54Z
audio,47.82512868695767,IGA Marché Tellier Sainte Dorothee,2026-06-14T10:39:54Z
audio,46.98085707084013,IGA Marché Tellier Sainte Dorothee,2026-06-14T10:39:54Z
audio,48.39461288749219,IGA Marché Tellier Sainte Dorothee,2026-06-14T10:39:54Z
audio,49.34462173437027,IGA Marché Tellier Sainte Dorothee,2026-06-14T10:39:54Z
audio,49.571723469012596,IGA Marché Tellier Sainte Dorothee,2026-06-14T10:39:54Z
audio,48.43899257420624,IGA Marché Tellier Sainte Dorothee,2026-06-14T10:39:54Z
audio,44.447365943926044,IGA Marché Tellier Sainte Dorothee,2026-06-14T10:40:16Z
audio,49.76483234762115,IGA Marché Tellier Sainte Dorothee,2026-06-14T10:40:16Z
audio,51.121275068374565,IGA Marché Tellier Sainte Dorothee,2026-06-14T10:40:16Z
audio,50.435222472768196,IGA Marché Tellier Sainte Dorothee,2026-06-14T10:40:16Z
audio,49.34824775608686,IGA Marché Tellier Sainte Dorothee,2026-06-14T10:40:16Z
audio,49.021009360348614,IGA Marché Tellier Sainte Dorothee,2026-06-14T10:40:16Z
audio,48.9911315492738,IGA Marché Tellier Sainte Dorothee,2026-06-14T10:40:16Z
audio,50.400957346889285,IGA Marché Tellier Sainte Dorothee,2026-06-14T10:40:16Z
audio,49.77685632104067,IGA Marché Tellier Sainte Dorothee,2026-06-14T10:40:16Z
audio,49.48559572709197,IGA Marché Tellier Sainte Dorothee,2026-06-14T10:40:16Z
audio,45.59318377721064,IGA Marché Tellier Sainte Dorothee,2026-06-14T10:40:16Z
audio,50.29396806988876,IGA Marché Tellier Sainte Dorothee,2026-06-14T10:40:16Z
audio,50.67382374272735,IGA Marché Tellier Sainte Dorothee,2026-06-14T10:40:16Z
audio,49.603706508779,IGA Marché Tellier Sainte Dorothee,2026-06-14T10:40:16Z
audio,49.52546751705423,IGA Marché Tellier Sainte Dorothee,2026-06-14T10:40:16Z
audio,47.870255173554845,IGA Marché Tellier Sainte Dorothee,2026-06-14T10:40:16Z
audio,50.414125553534305,IGA Marché Tellier Sainte Dorothee,2026-06-14T10:40:16Z
audio,41.751174919482736,IGA Marché Tellier Sainte Dorothee,2026-06-14T10:40:37Z
audio,45.113151373207,IGA Marché Tellier Sainte Dorothee,2026-06-14T10:40:37Z
audio,47.708927497436264,IGA Marché Tellier Sainte Dorothee,2026-06-14T10:40:37Z
audio,51.25195424235335,IGA Marché Tellier Sainte Dorothee,2026-06-14T10:40:37Z
audio,50.46229907861842,IGA Marché Tellier Sainte Dorothee,2026-06-14T10:40:37Z
audio,48.634955454408946,IGA Marché Tellier Sainte Dorothee,2026-06-14T10:40:37Z
audio,50.60526842109273,IGA Marché Tellier Sainte Dorothee,2026-06-14T10:40:37Z
audio,47.45023771136897,IGA Marché Tellier Sainte Dorothee,2026-06-14T10:40:37Z
audio,50.087121214089095,IGA Marché Tellier Sainte Dorothee,2026-06-14T10:40:37Z
audio,50.05996062856694,IGA Marché Tellier Sainte Dorothee,2026-06-14T10:40:37Z
audio,48.784903853507416,IGA Marché Tellier Sainte Dorothee,2026-06-14T10:40:37Z
audio,48.852722272034285,IGA Marché Tellier Sainte Dorothee,2026-06-14T10:40:37Z
audio,46.815050279347005,IGA Marché Tellier Sainte Dorothee,2026-06-14T10:40:37Z
audio,48.49245725874284,IGA Marché Tellier Sainte Dorothee,2026-06-14T10:40:37Z
audio,49.85051226634245,IGA Marché Tellier Sainte Dorothee,2026-06-14T10:40:37Z
audio,47.78551221461905,IGA Marché Tellier Sainte Dorothee,2026-06-14T10:40:37Z
audio,48.10409574829664,IGA Marché Tellier Sainte Dorothee,2026-06-14T10:40:37Z
audio,44.57511058842626,IGA Marché Tellier Sainte Dorothee,2026-06-14T10:40:59Z
audio,45.90231826259901,IGA Marché Tellier Sainte Dorothee,2026-06-14T10:40:59Z
audio,48.63993442715281,IGA Marché Tellier Sainte Dorothee,2026-06-14T10:40:59Z
audio,50.22661716506026,IGA Marché Tellier Sainte Dorothee,2026-06-14T10:40:59Z
audio,49.31129274056822,IGA Marché Tellier Sainte Dorothee,2026-06-14T10:40:59Z
audio,50.63933414327414,IGA Marché Tellier Sainte Dorothee,2026-06-14T10:40:59Z
audio,46.5523521518364,IGA Marché Tellier Sainte Dorothee,2026-06-14T10:40:59Z
audio,48.11612819970196,IGA Marché Tellier Sainte Dorothee,2026-06-14T10:40:59Z
audio,48.868632556297705,IGA Marché Tellier Sainte Dorothee,2026-06-14T10:40:59Z
audio,49.544282190087465,IGA Marché Tellier Sainte Dorothee,2026-06-14T10:40:59Z
audio,51.35949676607517,IGA Marché Tellier Sainte Dorothee,2026-06-14T10:40:59Z
audio,48.54063052094689,IGA Marché Tellier Sainte Dorothee,2026-06-14T10:40:59Z
audio,47.99657514349895,IGA Marché Tellier Sainte Dorothee,2026-06-14T10:40:59Z
audio,51.124464942901966,IGA Marché Tellier Sainte Dorothee,2026-06-14T10:40:59Z
audio,49.90359715434391,IGA Marché Tellier Sainte Dorothee,2026-06-14T10:40:59Z
audio,48.77125240339283,IGA Marché Tellier Sainte Dorothee,2026-06-14T10:40:59Z
audio,42.99373284609551,IGA Marché Tellier Sainte Dorothee,2026-06-14T10:41:19Z
audio,51.29675130190488,IGA Marché Tellier Sainte Dorothee,2026-06-14T10:41:19Z
audio,48.53144717645857,IGA Marché Tellier Sainte Dorothee,2026-06-14T10:41:19Z
audio,48.046919117211466,IGA Marché Tellier Sainte Dorothee,2026-06-14T10:41:19Z
audio,48.08707862869886,IGA Marché Tellier Sainte Dorothee,2026-06-14T10:41:19Z
audio,50.807352342953855,IGA Marché Tellier Sainte Dorothee,2026-06-14T10:41:19Z
audio,50.72915358411923,IGA Marché Tellier Sainte Dorothee,2026-06-14T10:41:19Z
audio,48.796199828511476,IGA Marché Tellier Sainte Dorothee,2026-06-14T10:41:19Z
audio,47.561659566234894,IGA Marché Tellier Sainte Dorothee,2026-06-14T10:41:19Z
audio,50.24068619528036,IGA Marché Tellier Sainte Dorothee,2026-06-14T10:41:19Z
audio,51.18562452866022,IGA Marché Tellier Sainte Dorothee,2026-06-14T10:41:19Z
audio,50.23493326603522,IGA Marché Tellier Sainte Dorothee,2026-06-14T10:41:19Z
audio,48.982086539046115,IGA Marché Tellier Sainte Dorothee,2026-06-14T10:41:19Z
audio,48.059333476114894,IGA Marché Tellier Sainte Dorothee,2026-06-14T10:41:19Z
audio,49.88361158931967,IGA Marché Tellier Sainte Dorothee,2026-06-14T10:41:19Z
audio,50.46239471617261,IGA Marché Tellier Sainte Dorothee,2026-06-14T10:41:19Z
audio,49.320933168030635,IGA Marché Tellier Sainte Dorothee,2026-06-14T10:41:19Z
audio,42.65230134926956,IGA Marché Tellier Sainte Dorothee,2026-06-14T10:41:40Z
audio,50.37881314807349,IGA Marché Tellier Sainte Dorothee,2026-06-14T10:41:40Z
audio,50.52464874665403,IGA Marché Tellier Sainte Dorothee,2026-06-14T10:41:40Z
audio,48.68370653992198,IGA Marché Tellier Sainte Dorothee,2026-06-14T10:41:40Z
audio,47.01530373783237,IGA Marché Tellier Sainte Dorothee,2026-06-14T10:41:40Z
audio,48.84555580363167,IGA Marché Tellier Sainte Dorothee,2026-06-14T10:41:40Z
audio,50.096003375781976,IGA Marché Tellier Sainte Dorothee,2026-06-14T10:41:40Z
audio,47.37059319767213,IGA Marché Tellier Sainte Dorothee,2026-06-14T10:41:40Z
audio,49.08033257104155,IGA Marché Tellier Sainte Dorothee,2026-06-14T10:41:40Z
audio,46.130595797353855,IGA Marché Tellier Sainte Dorothee,2026-06-14T10:41:40Z
audio,48.21544493911702,IGA Marché Tellier Sainte Dorothee,2026-06-14T10:41:40Z
audio,50.08229108851729,IGA Marché Tellier Sainte Dorothee,2026-06-14T10:41:40Z
audio,49.05090946373731,IGA Marché Tellier Sainte Dorothee,2026-06-14T10:41:40Z
audio,48.3807009190092,IGA Marché Tellier Sainte Dorothee,2026-06-14T10:41:40Z
audio,47.89507488202829,IGA Marché Tellier Sainte Dorothee,2026-06-14T10:41:40Z
audio,46.118510618663954,IGA Marché Tellier Sainte Dorothee,2026-06-14T10:41:40Z
audio,49.969391363521225,IGA Marché Tellier Sainte Dorothee,2026-06-14T10:41:40Z
audio,46.58381680396978,IGA Marché Tellier Sainte Dorothee,2026-06-14T10:42:01Z
audio,49.917348689151744,IGA Marché Tellier Sainte Dorothee,2026-06-14T10:42:01Z
audio,47.423245817158275,IGA Marché Tellier Sainte Dorothee,2026-06-14T10:42:01Z
audio,47.904214367224334,IGA Marché Tellier Sainte Dorothee,2026-06-14T10:42:01Z
audio,50.61936330942472,IGA Marché Tellier Sainte Dorothee,2026-06-14T10:42:01Z
audio,50.85442518732752,IGA Marché Tellier Sainte Dorothee,2026-06-14T10:42:01Z
audio,50.537138793862056,IGA Marché Tellier Sainte Dorothee,2026-06-14T10:42:01Z
audio,49.31009569280768,IGA Marché Tellier Sainte Dorothee,2026-06-14T10:42:01Z
audio,45.41144726470577,IGA Marché Tellier Sainte Dorothee,2026-06-14T10:42:01Z
audio,47.97319800227932,IGA Marché Tellier Sainte Dorothee,2026-06-14T10:42:01Z
audio,50.10149660716695,IGA Marché Tellier Sainte Dorothee,2026-06-14T10:42:01Z
audio,50.48138642600954,IGA Marché Tellier Sainte Dorothee,2026-06-14T10:42:01Z
audio,47.53819998051352,IGA Marché Tellier Sainte Dorothee,2026-06-14T10:42:01Z
audio,47.13860211407612,IGA Marché Tellier Sainte Dorothee,2026-06-14T10:42:01Z
audio,50.94019447265396,IGA Marché Tellier Sainte Dorothee,2026-06-14T10:42:01Z
audio,48.461904141455356,IGA Marché Tellier Sainte Dorothee,2026-06-14T10:42:01Z
audio,48.51579566584722,IGA Marché Tellier Sainte Dorothee,2026-06-14T10:42:01Z
audio,42.73628591155061,IGA Marché Tellier Sainte Dorothee,2026-06-14T10:42:22Z
audio,50.21130549206583,IGA Marché Tellier Sainte Dorothee,2026-06-14T10:42:22Z
audio,52.02318004965663,IGA Marché Tellier Sainte Dorothee,2026-06-14T10:42:22Z
audio,50.82083765079063,IGA Marché Tellier Sainte Dorothee,2026-06-14T10:42:22Z
audio,50.46310226344687,IGA Marché Tellier Sainte Dorothee,2026-06-14T10:42:22Z
audio,46.10017367367077,IGA Marché Tellier Sainte Dorothee,2026-06-14T10:42:22Z
audio,49.60413383848433,IGA Marché Tellier Sainte Dorothee,2026-06-14T10:42:22Z
audio,48.85996330844736,IGA Marché Tellier Sainte Dorothee,2026-06-14T10:42:22Z
audio,51.829398225011964,IGA Marché Tellier Sainte Dorothee,2026-06-14T10:42:22Z
audio,48.69466941835361,IGA Marché Tellier Sainte Dorothee,2026-06-14T10:42:22Z
audio,48.22824709526876,IGA Marché Tellier Sainte Dorothee,2026-06-14T10:42:22Z
audio,48.996924842424306,IGA Marché Tellier Sainte Dorothee,2026-06-14T10:42:22Z
audio,50.522166927347655,IGA Marché Tellier Sainte Dorothee,2026-06-14T10:42:22Z
audio,52.37049546464004,IGA Marché Tellier Sainte Dorothee,2026-06-14T10:42:22Z
audio,47.29156131616969,IGA Marché Tellier Sainte Dorothee,2026-06-14T10:42:22Z
audio,46.819831274194286,IGA Marché Tellier Sainte Dorothee,2026-06-14T10:42:22Z
audio,50.6916806826531,IGA Marché Tellier Sainte Dorothee,2026-06-14T10:42:22Z
audio,42.12640153069601,IGA Marché Tellier Sainte Dorothee,2026-06-14T10:42:45Z
audio,47.85208696079583,IGA Marché Tellier Sainte Dorothee,2026-06-14T10:42:45Z
audio,50.94297194752917,IGA Marché Tellier Sainte Dorothee,2026-06-14T10:42:45Z
audio,51.550792904034644,IGA Marché Tellier Sainte Dorothee,2026-06-14T10:42:45Z
audio,48.316791067425456,IGA Marché Tellier Sainte Dorothee,2026-06-14T10:42:45Z
audio,45.09526047189088,IGA Marché Tellier Sainte Dorothee,2026-06-14T10:42:45Z
audio,47.36637776377351,IGA Marché Tellier Sainte Dorothee,2026-06-14T10:42:45Z
audio,50.206303887908454,IGA Marché Tellier Sainte Dorothee,2026-06-14T10:42:45Z
audio,50.00138459328536,IGA Marché Tellier Sainte Dorothee,2026-06-14T10:42:45Z
audio,49.10568955982419,IGA Marché Tellier Sainte Dorothee,2026-06-14T10:42:45Z
audio,45.44917429171277,IGA Marché Tellier Sainte Dorothee,2026-06-14T10:42:45Z
audio,46.39999765025404,IGA Marché Tellier Sainte Dorothee,2026-06-14T10:42:45Z
audio,47.53446247532116,IGA Marché Tellier Sainte Dorothee,2026-06-14T10:42:45Z
audio,50.13462406881995,IGA Marché Tellier Sainte Dorothee,2026-06-14T10:42:45Z
audio,47.31827561848269,IGA Marché Tellier Sainte Dorothee,2026-06-14T10:42:45Z
audio,49.44673908830311,IGA Marché Tellier Sainte Dorothee,2026-06-14T10:42:45Z
audio,40.88189339755141,IGA Marché Tellier Sainte Dorothee,2026-06-14T10:43:04Z
audio,47.14840663224778,IGA Marché Tellier Sainte Dorothee,2026-06-14T10:43:04Z
audio,50.97746251915001,IGA Marché Tellier Sainte Dorothee,2026-06-14T10:43:04Z
audio,52.14130990157657,IGA Marché Tellier Sainte Dorothee,2026-06-14T10:43:04Z
audio,51.50484554506391,IGA Marché Tellier Sainte Dorothee,2026-06-14T10:43:04Z
audio,47.06403681607382,IGA Marché Tellier Sainte Dorothee,2026-06-14T10:43:04Z
audio,47.08989343404963,IGA Marché Tellier Sainte Dorothee,2026-06-14T10:43:04Z
audio,49.061563746713716,IGA Marché Tellier Sainte Dorothee,2026-06-14T10:43:04Z
audio,47.637685836196084,IGA Marché Tellier Sainte Dorothee,2026-06-14T10:43:04Z
audio,48.06811468098427,IGA Marché Tellier Sainte Dorothee,2026-06-14T10:43:04Z
audio,47.8556873526891,IGA Marché Tellier Sainte Dorothee,2026-06-14T10:43:04Z
audio,46.091647536494165,IGA Marché Tellier Sainte Dorothee,2026-06-14T10:43:04Z
audio,49.71829089576857,IGA Marché Tellier Sainte Dorothee,2026-06-14T10:43:04Z
audio,52.305997665185615,IGA Marché Tellier Sainte Dorothee,2026-06-14T10:43:04Z
audio,47.728739374014815,IGA Marché Tellier Sainte Dorothee,2026-06-14T10:43:04Z
audio,46.023848608190896,IGA Marché Tellier Sainte Dorothee,2026-06-14T10:43:04Z
audio,50.39044949692002,IGA Marché Tellier Sainte Dorothee,2026-06-14T10:43:04Z
audio,44.04470106894151,IGA Marché Tellier Sainte Dorothee,2026-06-14T10:43:26Z
audio,49.4118291132592,IGA Marché Tellier Sainte Dorothee,2026-06-14T10:43:26Z
audio,47.960253542619185,IGA Marché Tellier Sainte Dorothee,2026-06-14T10:43:26Z
audio,47.96047501405748,IGA Marché Tellier Sainte Dorothee,2026-06-14T10:43:26Z
audio,48.79736996902995,IGA Marché Tellier Sainte Dorothee,2026-06-14T10:43:26Z
audio,46.566741479640825,IGA Marché Tellier Sainte Dorothee,2026-06-14T10:43:26Z
audio,47.30246576651063,IGA Marché Tellier Sainte Dorothee,2026-06-14T10:43:26Z
audio,47.25636450702332,IGA Marché Tellier Sainte Dorothee,2026-06-14T10:43:26Z
audio,49.702198276223,IGA Marché Tellier Sainte Dorothee,2026-06-14T10:43:26Z
audio,52.11498743629588,IGA Marché Tellier Sainte Dorothee,2026-06-14T10:43:26Z
audio,52.47028931881856,IGA Marché Tellier Sainte Dorothee,2026-06-14T10:43:26Z
audio,49.235406890133845,IGA Marché Tellier Sainte Dorothee,2026-06-14T10:43:26Z
audio,48.72847644996738,IGA Marché Tellier Sainte Dorothee,2026-06-14T10:43:26Z
audio,49.95561825768134,IGA Marché Tellier Sainte Dorothee,2026-06-14T10:43:26Z
audio,52.5994219570518,IGA Marché Tellier Sainte Dorothee,2026-06-14T10:43:26Z
audio,54.40918566166137,IGA Marché Tellier Sainte Dorothee,2026-06-14T10:43:26Z
audio,44.947389858293576,IGA Marché Tellier Sainte Dorothee,2026-06-14T10:43:48Z
audio,49.25345808533939,IGA Marché Tellier Sainte Dorothee,2026-06-14T10:43:48Z
audio,47.512566564376534,IGA Marché Tellier Sainte Dorothee,2026-06-14T10:43:48Z
audio,48.50988353962797,IGA Marché Tellier Sainte Dorothee,2026-06-14T10:43:48Z
audio,48.732221085717185,IGA Marché Tellier Sainte Dorothee,2026-06-14T10:43:48Z
audio,49.78808087783237,IGA Marché Tellier Sainte Dorothee,2026-06-14T10:43:48Z
audio,51.277186236464814,IGA Marché Tellier Sainte Dorothee,2026-06-14T10:43:48Z
audio,48.23221833022045,IGA Marché Tellier Sainte Dorothee,2026-06-14T10:43:48Z
audio,46.51395057956207,IGA Marché Tellier Sainte Dorothee,2026-06-14T10:43:48Z
audio,49.79946328750533,IGA Marché Tellier Sainte Dorothee,2026-06-14T10:43:48Z
audio,49.63163533779842,IGA Marché Tellier Sainte Dorothee,2026-06-14T10:43:48Z
audio,49.37754787800779,IGA Marché Tellier Sainte Dorothee,2026-06-14T10:43:48Z
audio,46.448705154345625,IGA Marché Tellier Sainte Dorothee,2026-06-14T10:43:48Z
audio,46.36099055549692,IGA Marché Tellier Sainte Dorothee,2026-06-14T10:43:48Z
audio,49.338087600182156,IGA Marché Tellier Sainte Dorothee,2026-06-14T10:43:48Z
audio,50.81035147456448,IGA Marché Tellier Sainte Dorothee,2026-06-14T10:43:48Z
audio,48.55365219231181,IGA Marché Tellier Sainte Dorothee,2026-06-14T10:43:48Z
audio,43.85390380071133,IGA Marché Tellier Sainte Dorothee,2026-06-14T10:44:10Z
audio,50.430759045328315,IGA Marché Tellier Sainte Dorothee,2026-06-14T10:44:10Z
audio,48.20136119260928,IGA Marché Tellier Sainte Dorothee,2026-06-14T10:44:10Z
audio,51.75006381199313,IGA Marché Tellier Sainte Dorothee,2026-06-14T10:44:10Z
audio,49.10277766130945,IGA Marché Tellier Sainte Dorothee,2026-06-14T10:44:10Z
audio,48.870179277674595,IGA Marché Tellier Sainte Dorothee,2026-06-14T10:44:10Z
audio,49.65966046513353,IGA Marché Tellier Sainte Dorothee,2026-06-14T10:44:10Z
audio,49.72741974723063,IGA Marché Tellier Sainte Dorothee,2026-06-14T10:44:10Z
audio,53.18891298756807,IGA Marché Tellier Sainte Dorothee,2026-06-14T10:44:10Z
audio,50.8734741256401,IGA Marché Tellier Sainte Dorothee,2026-06-14T10:44:10Z
audio,49.86115014067475,IGA Marché Tellier Sainte Dorothee,2026-06-14T10:44:10Z
audio,49.09951173062868,IGA Marché Tellier Sainte Dorothee,2026-06-14T10:44:10Z
audio,50.673643471283036,IGA Marché Tellier Sainte Dorothee,2026-06-14T10:44:10Z
audio,51.19123314692442,IGA Marché Tellier Sainte Dorothee,2026-06-14T10:44:10Z
audio,50.433945261301325,IGA Marché Tellier Sainte Dorothee,2026-06-14T10:44:10Z
audio,54.04647060997696,IGA Marché Tellier Sainte Dorothee,2026-06-14T10:44:10Z
audio,52.86096451857376,IGA Marché Tellier Sainte Dorothee,2026-06-14T10:44:10Z
audio,46.21228945419401,IGA Marché Tellier Sainte Dorothee,2026-06-14T10:44:32Z
audio,52.08390336307826,IGA Marché Tellier Sainte Dorothee,2026-06-14T10:44:32Z
audio,50.51670930461809,IGA Marché Tellier Sainte Dorothee,2026-06-14T10:44:32Z
audio,46.76693863408688,IGA Marché Tellier Sainte Dorothee,2026-06-14T10:44:32Z
audio,48.74778697926811,IGA Marché Tellier Sainte Dorothee,2026-06-14T10:44:32Z
audio,51.333240238069244,IGA Marché Tellier Sainte Dorothee,2026-06-14T10:44:32Z
audio,50.74972580215288,IGA Marché Tellier Sainte Dorothee,2026-06-14T10:44:32Z
audio,48.37305736638642,IGA Marché Tellier Sainte Dorothee,2026-06-14T10:44:32Z
audio,46.88909112706458,IGA Marché Tellier Sainte Dorothee,2026-06-14T10:44:32Z
audio,44.58742349859016,IGA Marché Tellier Sainte Dorothee,2026-06-14T10:44:32Z
audio,48.72298954981243,IGA Marché Tellier Sainte Dorothee,2026-06-14T10:44:32Z
audio,49.33664234216841,IGA Marché Tellier Sainte Dorothee,2026-06-14T10:44:32Z
audio,49.891059857733815,IGA Marché Tellier Sainte Dorothee,2026-06-14T10:44:32Z
audio,49.19371176992485,IGA Marché Tellier Sainte Dorothee,2026-06-14T10:44:32Z
audio,48.63548659181038,IGA Marché Tellier Sainte Dorothee,2026-06-14T10:44:32Z
audio,47.99424348661993,IGA Marché Tellier Sainte Dorothee,2026-06-14T10:44:32Z
audio,51.009042799731674,IGA Marché Tellier Sainte Dorothee,2026-06-14T10:44:32Z
audio,43.76984489248618,IGA Marché Tellier Sainte Dorothee,2026-06-14T10:44:55Z
audio,50.14765508137841,IGA Marché Tellier Sainte Dorothee,2026-06-14T10:44:55Z
audio,48.56249514887465,IGA Marché Tellier Sainte Dorothee,2026-06-14T10:44:55Z
audio,49.34374257637992,IGA Marché Tellier Sainte Dorothee,2026-06-14T10:44:55Z
audio,51.908569062456955,IGA Marché Tellier Sainte Dorothee,2026-06-14T10:44:55Z
audio,51.088921983417855,IGA Marché Tellier Sainte Dorothee,2026-06-14T10:44:55Z
audio,49.43166824309315,IGA Marché Tellier Sainte Dorothee,2026-06-14T10:44:55Z
audio,47.605277164980166,IGA Marché Tellier Sainte Dorothee,2026-06-14T10:44:55Z
audio,48.35041970828959,IGA Marché Tellier Sainte Dorothee,2026-06-14T10:44:55Z
audio,48.952944697632006,IGA Marché Tellier Sainte Dorothee,2026-06-14T10:44:55Z
audio,49.79913039170695,IGA Marché Tellier Sainte Dorothee,2026-06-14T10:44:55Z
audio,51.14308160955707,IGA Marché Tellier Sainte Dorothee,2026-06-14T10:44:55Z
audio,48.829121675257724,IGA Marché Tellier Sainte Dorothee,2026-06-14T10:44:55Z
audio,48.0964720939238,IGA Marché Tellier Sainte Dorothee,2026-06-14T10:44:55Z
audio,49.120484071247546,IGA Marché Tellier Sainte Dorothee,2026-06-14T10:44:55Z
audio,51.108325908551464,IGA Marché Tellier Sainte Dorothee,2026-06-14T10:44:55Z
audio,48.72334129835869,IGA Marché Tellier Sainte Dorothee,2026-06-14T10:44:55Z
audio,43.624555627548595,IGA Marché Tellier Sainte Dorothee,2026-06-14T10:45:17Z
audio,50.28781009108195,IGA Marché Tellier Sainte Dorothee,2026-06-14T10:45:17Z
audio,47.51850751725296,IGA Marché Tellier Sainte Dorothee,2026-06-14T10:45:17Z
audio,46.8600284452429,IGA Marché Tellier Sainte Dorothee,2026-06-14T10:45:17Z
audio,50.34790822752078,IGA Marché Tellier Sainte Dorothee,2026-06-14T10:45:17Z
audio,48.84364543318476,IGA Marché Tellier Sainte Dorothee,2026-06-14T10:45:17Z
audio,48.77903363467241,IGA Marché Tellier Sainte Dorothee,2026-06-14T10:45:17Z
audio,48.68096254634701,IGA Marché Tellier Sainte Dorothee,2026-06-14T10:45:17Z
audio,47.213982676873854,IGA Marché Tellier Sainte Dorothee,2026-06-14T10:45:17Z
audio,49.08700998445579,IGA Marché Tellier Sainte Dorothee,2026-06-14T10:45:17Z
audio,49.996880916942686,IGA Marché Tellier Sainte Dorothee,2026-06-14T10:45:17Z
audio,51.2289813791312,IGA Marché Tellier Sainte Dorothee,2026-06-14T10:45:17Z
audio,49.88752067446805,IGA Marché Tellier Sainte Dorothee,2026-06-14T10:45:17Z
audio,49.37211369617782,IGA Marché Tellier Sainte Dorothee,2026-06-14T10:45:17Z
audio,50.61916509803585,IGA Marché Tellier Sainte Dorothee,2026-06-14T10:45:17Z
audio,49.400840238469655,IGA Marché Tellier Sainte Dorothee,2026-06-14T10:45:17Z
audio,43.18702902066402,IGA Marché Tellier Sainte Dorothee,2026-06-14T10:45:38Z
audio,49.80699421531565,IGA Marché Tellier Sainte Dorothee,2026-06-14T10:45:38Z
audio,50.54329588888483,IGA Marché Tellier Sainte Dorothee,2026-06-14T10:45:38Z
audio,48.06692333896612,IGA Marché Tellier Sainte Dorothee,2026-06-14T10:45:38Z
audio,48.33422840812431,IGA Marché Tellier Sainte Dorothee,2026-06-14T10:45:38Z
audio,48.365393285593925,IGA Marché Tellier Sainte Dorothee,2026-06-14T10:45:38Z
audio,48.81097221347475,IGA Marché Tellier Sainte Dorothee,2026-06-14T10:45:38Z
audio,48.72395075175526,IGA Marché Tellier Sainte Dorothee,2026-06-14T10:45:38Z
audio,48.6972086353809,IGA Marché Tellier Sainte Dorothee,2026-06-14T10:45:38Z
audio,47.078251962449784,IGA Marché Tellier Sainte Dorothee,2026-06-14T10:45:38Z
audio,47.30440845896194,IGA Marché Tellier Sainte Dorothee,2026-06-14T10:45:38Z
audio,46.03005821708579,IGA Marché Tellier Sainte Dorothee,2026-06-14T10:45:38Z
audio,50.281289336624994,IGA Marché Tellier Sainte Dorothee,2026-06-14T10:45:38Z
audio,49.163732330835614,IGA Marché Tellier Sainte Dorothee,2026-06-14T10:45:38Z
audio,47.4041107243713,IGA Marché Tellier Sainte Dorothee,2026-06-14T10:45:38Z
audio,48.46614036287009,IGA Marché Tellier Sainte Dorothee,2026-06-14T10:45:38Z
audio,52.001804287814466,IGA Marché Tellier Sainte Dorothee,2026-06-14T10:45:38Z
audio,41.99281949653118,IGA Marché Tellier Sainte Dorothee,2026-06-14T10:45:59Z
audio,48.783685011893034,IGA Marché Tellier Sainte Dorothee,2026-06-14T10:45:59Z
audio,48.58104763435979,IGA Marché Tellier Sainte Dorothee,2026-06-14T10:45:59Z
audio,49.49130422747275,IGA Marché Tellier Sainte Dorothee,2026-06-14T10:45:59Z
audio,49.56893090845949,IGA Marché Tellier Sainte Dorothee,2026-06-14T10:45:59Z
audio,50.30934497453921,IGA Marché Tellier Sainte Dorothee,2026-06-14T10:45:59Z
audio,49.28701294323979,IGA Marché Tellier Sainte Dorothee,2026-06-14T10:45:59Z
audio,49.224112181905674,IGA Marché Tellier Sainte Dorothee,2026-06-14T10:45:59Z
audio,46.108493862233466,IGA Marché Tellier Sainte Dorothee,2026-06-14T10:45:59Z
audio,50.044690420341745,IGA Marché Tellier Sainte Dorothee,2026-06-14T10:45:59Z
audio,50.88318143502282,IGA Marché Tellier Sainte Dorothee,2026-06-14T10:45:59Z
audio,50.89439260458028,IGA Marché Tellier Sainte Dorothee,2026-06-14T10:45:59Z
audio,49.66828732178634,IGA Marché Tellier Sainte Dorothee,2026-06-14T10:45:59Z
audio,47.935526398474934,IGA Marché Tellier Sainte Dorothee,2026-06-14T10:45:59Z
audio,47.81909094834896,IGA Marché Tellier Sainte Dorothee,2026-06-14T10:45:59Z
audio,47.15819898261635,IGA Marché Tellier Sainte Dorothee,2026-06-14T10:45:59Z
audio,42.898180923918694,IGA Marché Tellier Sainte Dorothee,2026-06-14T10:46:21Z
audio,47.26314497221913,IGA Marché Tellier Sainte Dorothee,2026-06-14T10:46:21Z
audio,49.93951747084546,IGA Marché Tellier Sainte Dorothee,2026-06-14T10:46:21Z
audio,51.61545277743275,IGA Marché Tellier Sainte Dorothee,2026-06-14T10:46:21Z
audio,49.291722780576436,IGA Marché Tellier Sainte Dorothee,2026-06-14T10:46:21Z
audio,45.570171215640855,IGA Marché Tellier Sainte Dorothee,2026-06-14T10:46:21Z
audio,48.952195317628764,IGA Marché Tellier Sainte Dorothee,2026-06-14T10:46:21Z
audio,50.02577448972314,IGA Marché Tellier Sainte Dorothee,2026-06-14T10:46:21Z
audio,51.22193402969759,IGA Marché Tellier Sainte Dorothee,2026-06-14T10:46:21Z
audio,50.81090778206573,IGA Marché Tellier Sainte Dorothee,2026-06-14T10:46:21Z
audio,50.337337683815065,IGA Marché Tellier Sainte Dorothee,2026-06-14T10:46:21Z
audio,48.87216375844118,IGA Marché Tellier Sainte Dorothee,2026-06-14T10:46:21Z
audio,48.57618479014366,IGA Marché Tellier Sainte Dorothee,2026-06-14T10:46:21Z
audio,51.39209001571934,IGA Marché Tellier Sainte Dorothee,2026-06-14T10:46:21Z
audio,48.18522594089003,IGA Marché Tellier Sainte Dorothee,2026-06-14T10:46:21Z
audio,46.5855678911874,IGA Marché Tellier Sainte Dorothee,2026-06-14T10:46:21Z
audio,44.35977839647995,IGA Marché Tellier Sainte Dorothee,2026-06-14T10:46:43Z
audio,50.338684786556,IGA Marché Tellier Sainte Dorothee,2026-06-14T10:46:43Z
audio,46.87718600536796,IGA Marché Tellier Sainte Dorothee,2026-06-14T10:46:43Z
audio,48.10308939213637,IGA Marché Tellier Sainte Dorothee,2026-06-14T10:46:43Z
audio,49.12824967806153,IGA Marché Tellier Sainte Dorothee,2026-06-14T10:46:43Z
audio,49.76774208561804,IGA Marché Tellier Sainte Dorothee,2026-06-14T10:46:43Z
audio,51.026847609958,IGA Marché Tellier Sainte Dorothee,2026-06-14T10:46:43Z
audio,48.52795937577486,IGA Marché Tellier Sainte Dorothee,2026-06-14T10:46:43Z
audio,48.40960350065825,IGA Marché Tellier Sainte Dorothee,2026-06-14T10:46:43Z
audio,51.33076218612462,IGA Marché Tellier Sainte Dorothee,2026-06-14T10:46:43Z
audio,50.332712516408485,IGA Marché Tellier Sainte Dorothee,2026-06-14T10:46:43Z
audio,50.572041987901684,IGA Marché Tellier Sainte Dorothee,2026-06-14T10:46:43Z
audio,46.59499442155722,IGA Marché Tellier Sainte Dorothee,2026-06-14T10:46:43Z
audio,49.071233216103934,IGA Marché Tellier Sainte Dorothee,2026-06-14T10:46:43Z
audio,50.53859515755885,IGA Marché Tellier Sainte Dorothee,2026-06-14T10:46:43Z
audio,52.3053980609635,IGA Marché Tellier Sainte Dorothee,2026-06-14T10:46:43Z
audio,49.73828288317871,IGA Marché Tellier Sainte Dorothee,2026-06-14T10:46:43Z
audio,46.240145286059295,IGA Marché Tellier Sainte Dorothee,2026-06-14T10:47:03Z
audio,52.0755625264096,IGA Marché Tellier Sainte Dorothee,2026-06-14T10:47:03Z
audio,52.267679336789456,IGA Marché Tellier Sainte Dorothee,2026-06-14T10:47:03Z
audio,48.931697579020124,IGA Marché Tellier Sainte Dorothee,2026-06-14T10:47:03Z
audio,48.01576719464492,IGA Marché Tellier Sainte Dorothee,2026-06-14T10:47:03Z
audio,49.42844880551574,IGA Marché Tellier Sainte Dorothee,2026-06-14T10:47:03Z
audio,51.135687548732676,IGA Marché Tellier Sainte Dorothee,2026-06-14T10:47:03Z
audio,49.48569569845078,IGA Marché Tellier Sainte Dorothee,2026-06-14T10:47:03Z
audio,48.081418425231945,IGA Marché Tellier Sainte Dorothee,2026-06-14T10:47:03Z
audio,50.51124262474729,IGA Marché Tellier Sainte Dorothee,2026-06-14T10:47:03Z
audio,51.047241427672105,IGA Marché Tellier Sainte Dorothee,2026-06-14T10:47:03Z
audio,50.97415671654443,IGA Marché Tellier Sainte Dorothee,2026-06-14T10:47:03Z
audio,48.92867668290169,IGA Marché Tellier Sainte Dorothee,2026-06-14T10:47:03Z
audio,48.1767710960398,IGA Marché Tellier Sainte Dorothee,2026-06-14T10:47:03Z
audio,49.06394886076727,IGA Marché Tellier Sainte Dorothee,2026-06-14T10:47:03Z
audio,50.383912541204445,IGA Marché Tellier Sainte Dorothee,2026-06-14T10:47:03Z
audio,48.854274074988176,IGA Marché Tellier Sainte Dorothee,2026-06-14T10:47:03Z
audio,43.84308876340127,IGA Marché Tellier Sainte Dorothee,2026-06-14T10:47:23Z
audio,48.95393582498761,IGA Marché Tellier Sainte Dorothee,2026-06-14T10:47:23Z
audio,48.23282122467701,IGA Marché Tellier Sainte Dorothee,2026-06-14T10:47:23Z
audio,49.43714991775526,IGA Marché Tellier Sainte Dorothee,2026-06-14T10:47:23Z
audio,51.51892138197862,IGA Marché Tellier Sainte Dorothee,2026-06-14T10:47:23Z
audio,48.38299777873216,IGA Marché Tellier Sainte Dorothee,2026-06-14T10:47:23Z
audio,49.025955609973344,IGA Marché Tellier Sainte Dorothee,2026-06-14T10:47:23Z
audio,49.022289655894575,IGA Marché Tellier Sainte Dorothee,2026-06-14T10:47:23Z
audio,49.22527088797196,IGA Marché Tellier Sainte Dorothee,2026-06-14T10:47:23Z
audio,51.7963780151178,IGA Marché Tellier Sainte Dorothee,2026-06-14T10:47:23Z
audio,49.42092820720965,IGA Marché Tellier Sainte Dorothee,2026-06-14T10:47:23Z
audio,48.253421608967756,IGA Marché Tellier Sainte Dorothee,2026-06-14T10:47:23Z
audio,50.047366290364124,IGA Marché Tellier Sainte Dorothee,2026-06-14T10:47:23Z
audio,51.57418037180064,IGA Marché Tellier Sainte Dorothee,2026-06-14T10:47:23Z
audio,52.089544625393344,IGA Marché Tellier Sainte Dorothee,2026-06-14T10:47:23Z
audio,47.665356133920255,IGA Marché Tellier Sainte Dorothee,2026-06-14T10:47:23Z
audio,48.32743894114644,IGA Marché Tellier Sainte Dorothee,2026-06-14T10:47:23Z
audio,44.420494163616915,IGA Marché Tellier Sainte Dorothee,2026-06-14T10:47:41Z
audio,49.97555158419084,IGA Marché Tellier Sainte Dorothee,2026-06-14T10:47:41Z
audio,49.067116508617474,IGA Marché Tellier Sainte Dorothee,2026-06-14T10:47:41Z
audio,48.041080755886895,IGA Marché Tellier Sainte Dorothee,2026-06-14T10:47:41Z
audio,47.500164260856394,IGA Marché Tellier Sainte Dorothee,2026-06-14T10:47:41Z
audio,48.44121792282373,IGA Marché Tellier Sainte Dorothee,2026-06-14T10:47:41Z
audio,50.16071164615802,IGA Marché Tellier Sainte Dorothee,2026-06-14T10:47:41Z
audio,49.08377269222785,IGA Marché Tellier Sainte Dorothee,2026-06-14T10:47:41Z
audio,45.9774089786903,IGA Marché Tellier Sainte Dorothee,2026-06-14T10:47:41Z
audio,48.1999570005954,IGA Marché Tellier Sainte Dorothee,2026-06-14T10:47:41Z
audio,47.75207760034361,IGA Marché Tellier Sainte Dorothee,2026-06-14T10:47:41Z
audio,50.38650928568083,IGA Marché Tellier Sainte Dorothee,2026-06-14T10:47:41Z
audio,50.50866232491276,IGA Marché Tellier Sainte Dorothee,2026-06-14T10:47:41Z
audio,50.93341811503358,IGA Marché Tellier Sainte Dorothee,2026-06-14T10:47:41Z
audio,47.59970314089805,IGA Marché Tellier Sainte Dorothee,2026-06-14T10:47:41Z
audio,49.428555078788456,IGA Marché Tellier Sainte Dorothee,2026-06-14T10:47:41Z
audio,49.87285421938416,IGA Marché Tellier Sainte Dorothee,2026-06-14T10:47:41Z
audio,43.491998005756294,IGA Marché Tellier Sainte Dorothee,2026-06-14T10:48:02Z
audio,47.94580387603311,IGA Marché Tellier Sainte Dorothee,2026-06-14T10:48:02Z
audio,48.419769152998384,IGA Marché Tellier Sainte Dorothee,2026-06-14T10:48:02Z
audio,49.84121253165618,IGA Marché Tellier Sainte Dorothee,2026-06-14T10:48:02Z
audio,50.263884084374354,IGA Marché Tellier Sainte Dorothee,2026-06-14T10:48:02Z
audio,51.016048405114645,IGA Marché Tellier Sainte Dorothee,2026-06-14T10:48:02Z
audio,48.34423571537588,IGA Marché Tellier Sainte Dorothee,2026-06-14T10:48:02Z
audio,46.954623549516114,IGA Marché Tellier Sainte Dorothee,2026-06-14T10:48:02Z
audio,48.36096864230504,IGA Marché Tellier Sainte Dorothee,2026-06-14T10:48:02Z
audio,50.64627749605839,IGA Marché Tellier Sainte Dorothee,2026-06-14T10:48:02Z
audio,50.332627367995755,IGA Marché Tellier Sainte Dorothee,2026-06-14T10:48:02Z
audio,47.034447836401185,IGA Marché Tellier Sainte Dorothee,2026-06-14T10:48:02Z
audio,45.74336217175948,IGA Marché Tellier Sainte Dorothee,2026-06-14T10:48:02Z
audio,49.20681028338925,IGA Marché Tellier Sainte Dorothee,2026-06-14T10:48:02Z
audio,50.85627314889141,IGA Marché Tellier Sainte Dorothee,2026-06-14T10:48:02Z
audio,47.63336428551825,IGA Marché Tellier Sainte Dorothee,2026-06-14T10:48:02Z
audio,43.99327385484733,IGA Marché Tellier Sainte Dorothee,2026-06-14T10:48:20Z
audio,50.78447443706273,IGA Marché Tellier Sainte Dorothee,2026-06-14T10:48:20Z
audio,50.525267374932085,IGA Marché Tellier Sainte Dorothee,2026-06-14T10:48:20Z
audio,48.886400651077906,IGA Marché Tellier Sainte Dorothee,2026-06-14T10:48:20Z
audio,49.102508016796456,IGA Marché Tellier Sainte Dorothee,2026-06-14T10:48:20Z
audio,48.55486330000781,IGA Marché Tellier Sainte Dorothee,2026-06-14T10:48:20Z
audio,50.3952543098216,IGA Marché Tellier Sainte Dorothee,2026-06-14T10:48:20Z
audio,48.227016436522376,IGA Marché Tellier Sainte Dorothee,2026-06-14T10:48:20Z
audio,47.981365671530504,IGA Marché Tellier Sainte Dorothee,2026-06-14T10:48:20Z
audio,47.15348477355931,IGA Marché Tellier Sainte Dorothee,2026-06-14T10:48:20Z
audio,49.54756338912393,IGA Marché Tellier Sainte Dorothee,2026-06-14T10:48:20Z
audio,50.06055550436693,IGA Marché Tellier Sainte Dorothee,2026-06-14T10:48:20Z
audio,51.37432421300353,IGA Marché Tellier Sainte Dorothee,2026-06-14T10:48:20Z
audio,48.880449823350254,IGA Marché Tellier Sainte Dorothee,2026-06-14T10:48:20Z
audio,47.05386145338423,IGA Marché Tellier Sainte Dorothee,2026-06-14T10:48:20Z
audio,47.13495159767404,IGA Marché Tellier Sainte Dorothee,2026-06-14T10:48:20Z
audio,48.182731566868775,IGA Marché Tellier Sainte Dorothee,2026-06-14T10:48:20Z
audio,45.00222358578625,IGA Marché Tellier Sainte Dorothee,2026-06-14T10:48:41Z
audio,48.891556822251125,IGA Marché Tellier Sainte Dorothee,2026-06-14T10:48:41Z
audio,48.19235453374861,IGA Marché Tellier Sainte Dorothee,2026-06-14T10:48:41Z
audio,49.2761643569077,IGA Marché Tellier Sainte Dorothee,2026-06-14T10:48:41Z
audio,50.03562704620947,IGA Marché Tellier Sainte Dorothee,2026-06-14T10:48:41Z
audio,48.673333432770185,IGA Marché Tellier Sainte Dorothee,2026-06-14T10:48:41Z
audio,49.00162610802637,IGA Marché Tellier Sainte Dorothee,2026-06-14T10:48:41Z
audio,47.698202605917295,IGA Marché Tellier Sainte Dorothee,2026-06-14T10:48:41Z
audio,49.387918285321774,IGA Marché Tellier Sainte Dorothee,2026-06-14T10:48:41Z
audio,50.28125526933142,IGA Marché Tellier Sainte Dorothee,2026-06-14T10:48:41Z
audio,49.431146183153196,IGA Marché Tellier Sainte Dorothee,2026-06-14T10:48:41Z
audio,48.26692303757212,IGA Marché Tellier Sainte Dorothee,2026-06-14T10:48:41Z
audio,46.908922007242914,IGA Marché Tellier Sainte Dorothee,2026-06-14T10:48:41Z
audio,48.2497042872789,IGA Marché Tellier Sainte Dorothee,2026-06-14T10:48:41Z
audio,51.61307152856494,IGA Marché Tellier Sainte Dorothee,2026-06-14T10:48:41Z
audio,49.983571667172995,IGA Marché Tellier Sainte Dorothee,2026-06-14T10:48:41Z
audio,45.236873612481816,IGA Marché Tellier Sainte Dorothee,2026-06-14T10:48:41Z
audio,40.53073313564465,IGA Marché Tellier Sainte Dorothee,2026-06-14T10:49:01Z
audio,46.72108380014993,IGA Marché Tellier Sainte Dorothee,2026-06-14T10:49:01Z
audio,49.54765356372785,IGA Marché Tellier Sainte Dorothee,2026-06-14T10:49:01Z
audio,49.865901072517175,IGA Marché Tellier Sainte Dorothee,2026-06-14T10:49:01Z
audio,47.700495538860366,IGA Marché Tellier Sainte Dorothee,2026-06-14T10:49:01Z
audio,48.598654175213206,IGA Marché Tellier Sainte Dorothee,2026-06-14T10:49:01Z
audio,48.759312185974565,IGA Marché Tellier Sainte Dorothee,2026-06-14T10:49:01Z
audio,50.474042037319805,IGA Marché Tellier Sainte Dorothee,2026-06-14T10:49:01Z
audio,51.18949183682285,IGA Marché Tellier Sainte Dorothee,2026-06-14T10:49:01Z
audio,50.828058032612034,IGA Marché Tellier Sainte Dorothee,2026-06-14T10:49:01Z
audio,48.04919186656274,IGA Marché Tellier Sainte Dorothee,2026-06-14T10:49:01Z
audio,46.68799267588024,IGA Marché Tellier Sainte Dorothee,2026-06-14T10:49:01Z
audio,49.02116971215164,IGA Marché Tellier Sainte Dorothee,2026-06-14T10:49:01Z
audio,49.41652332664103,IGA Marché Tellier Sainte Dorothee,2026-06-14T10:49:01Z
audio,47.46216719316578,IGA Marché Tellier Sainte Dorothee,2026-06-14T10:49:01Z
audio,46.26031096861395,IGA Marché Tellier Sainte Dorothee,2026-06-14T10:49:01Z
audio,46.536975494961375,IGA Marché Tellier Sainte Dorothee,2026-06-14T10:49:01Z
audio,44.225769415895975,IGA Marché Tellier Sainte Dorothee,2026-06-14T10:49:20Z
audio,48.22721485433125,IGA Marché Tellier Sainte Dorothee,2026-06-14T10:49:20Z
audio,47.56201041869673,IGA Marché Tellier Sainte Dorothee,2026-06-14T10:49:20Z
audio,46.63619349486011,IGA Marché Tellier Sainte Dorothee,2026-06-14T10:49:20Z
audio,48.97707170074156,IGA Marché Tellier Sainte Dorothee,2026-06-14T10:49:20Z
audio,51.26950666567433,IGA Marché Tellier Sainte Dorothee,2026-06-14T10:49:20Z
audio,51.14368143243067,IGA Marché Tellier Sainte Dorothee,2026-06-14T10:49:20Z
audio,49.8259983161854,IGA Marché Tellier Sainte Dorothee,2026-06-14T10:49:20Z
audio,47.49567281111942,IGA Marché Tellier Sainte Dorothee,2026-06-14T10:49:20Z
audio,48.07935078651823,IGA Marché Tellier Sainte Dorothee,2026-06-14T10:49:20Z
audio,49.473529222303114,IGA Marché Tellier Sainte Dorothee,2026-06-14T10:49:20Z
audio,50.07918612561309,IGA Marché Tellier Sainte Dorothee,2026-06-14T10:49:20Z
audio,49.02216689305107,IGA Marché Tellier Sainte Dorothee,2026-06-14T10:49:20Z
audio,48.77650219274982,IGA Marché Tellier Sainte Dorothee,2026-06-14T10:49:20Z
audio,49.394109647395766,IGA Marché Tellier Sainte Dorothee,2026-06-14T10:49:20Z
audio,49.25539201775947,IGA Marché Tellier Sainte Dorothee,2026-06-14T10:49:20Z
audio,49.00219245605743,IGA Marché Tellier Sainte Dorothee,2026-06-14T10:49:20Z
audio,43.77059473485068,IGA Marché Tellier Sainte Dorothee,2026-06-14T10:49:41Z
audio,47.482854255842604,IGA Marché Tellier Sainte Dorothee,2026-06-14T10:49:41Z
audio,46.8016130573487,IGA Marché Tellier Sainte Dorothee,2026-06-14T10:49:41Z
audio,50.07113383632663,IGA Marché Tellier Sainte Dorothee,2026-06-14T10:49:41Z
audio,50.799462297530155,IGA Marché Tellier Sainte Dorothee,2026-06-14T10:49:41Z
audio,49.66635716939922,IGA Marché Tellier Sainte Dorothee,2026-06-14T10:49:41Z
audio,47.33010556953275,IGA Marché Tellier Sainte Dorothee,2026-06-14T10:49:41Z
audio,46.656924645469324,IGA Marché Tellier Sainte Dorothee,2026-06-14T10:49:41Z
audio,46.957698026209044,IGA Marché Tellier Sainte Dorothee,2026-06-14T10:49:41Z
audio,51.14701995661961,IGA Marché Tellier Sainte Dorothee,2026-06-14T10:49:41Z
audio,49.13006153730346,IGA Marché Tellier Sainte Dorothee,2026-06-14T10:49:41Z
audio,49.1471656421146,IGA Marché Tellier Sainte Dorothee,2026-06-14T10:49:41Z
audio,48.17344412419848,IGA Marché Tellier Sainte Dorothee,2026-06-14T10:49:41Z
audio,48.68590771066006,IGA Marché Tellier Sainte Dorothee,2026-06-14T10:49:41Z
audio,49.11881531084102,IGA Marché Tellier Sainte Dorothee,2026-06-14T10:49:41Z
audio,48.413538701364274,IGA Marché Tellier Sainte Dorothee,2026-06-14T10:49:41Z
audio,47.221158632226945,IGA Marché Tellier Sainte Dorothee,2026-06-14T10:49:41Z
audio,46.24158398925047,IGA Marché Tellier Sainte Dorothee,2026-06-14T10:50:03Z
audio,50.921485245503874,IGA Marché Tellier Sainte Dorothee,2026-06-14T10:50:03Z
audio,51.04522705972024,IGA Marché Tellier Sainte Dorothee,2026-06-14T10:50:03Z
audio,46.53902750342417,IGA Marché Tellier Sainte Dorothee,2026-06-14T10:50:03Z
audio,47.160552074650646,IGA Marché Tellier Sainte Dorothee,2026-06-14T10:50:03Z
audio,49.64650722841579,IGA Marché Tellier Sainte Dorothee,2026-06-14T10:50:03Z
audio,51.30616770104911,IGA Marché Tellier Sainte Dorothee,2026-06-14T10:50:03Z
audio,50.76871092990671,IGA Marché Tellier Sainte Dorothee,2026-06-14T10:50:03Z
audio,47.60255390276541,IGA Marché Tellier Sainte Dorothee,2026-06-14T10:50:03Z
audio,48.63726335241968,IGA Marché Tellier Sainte Dorothee,2026-06-14T10:50:03Z
audio,51.156868288860586,IGA Marché Tellier Sainte Dorothee,2026-06-14T10:50:03Z
audio,50.939756620152174,IGA Marché Tellier Sainte Dorothee,2026-06-14T10:50:03Z
audio,47.99893168708159,IGA Marché Tellier Sainte Dorothee,2026-06-14T10:50:03Z
audio,47.24521180833796,IGA Marché Tellier Sainte Dorothee,2026-06-14T10:50:03Z
audio,51.189144331724094,IGA Marché Tellier Sainte Dorothee,2026-06-14T10:50:03Z
audio,51.78820012941115,IGA Marché Tellier Sainte Dorothee,2026-06-14T10:50:03Z
audio,44.31770145431305,IGA Marché Tellier Sainte Dorothee,2026-06-14T10:50:21Z
audio,50.1687859226533,IGA Marché Tellier Sainte Dorothee,2026-06-14T10:50:21Z
audio,51.2621699318279,IGA Marché Tellier Sainte Dorothee,2026-06-14T10:50:21Z
audio,49.35572301056272,IGA Marché Tellier Sainte Dorothee,2026-06-14T10:50:21Z
audio,47.367122163212954,IGA Marché Tellier Sainte Dorothee,2026-06-14T10:50:21Z
audio,49.18667666890532,IGA Marché Tellier Sainte Dorothee,2026-06-14T10:50:21Z
audio,50.31378735044382,IGA Marché Tellier Sainte Dorothee,2026-06-14T10:50:21Z
audio,50.550624477447876,IGA Marché Tellier Sainte Dorothee,2026-06-14T10:50:21Z
audio,49.66939942139061,IGA Marché Tellier Sainte Dorothee,2026-06-14T10:50:21Z
audio,47.209711158235734,IGA Marché Tellier Sainte Dorothee,2026-06-14T10:50:21Z
audio,47.27506152784656,IGA Marché Tellier Sainte Dorothee,2026-06-14T10:50:21Z
audio,48.71866090990534,IGA Marché Tellier Sainte Dorothee,2026-06-14T10:50:21Z
audio,49.58842849207738,IGA Marché Tellier Sainte Dorothee,2026-06-14T10:50:21Z
audio,48.06447283703165,IGA Marché Tellier Sainte Dorothee,2026-06-14T10:50:21Z
audio,47.766303299221946,IGA Marché Tellier Sainte Dorothee,2026-06-14T10:50:21Z
audio,51.47857783782597,IGA Marché Tellier Sainte Dorothee,2026-06-14T10:50:21Z
audio,51.251861042770784,IGA Marché Tellier Sainte Dorothee,2026-06-14T10:50:21Z
audio,48.88148240709061,IGA Marché Tellier Sainte Dorothee,2026-06-14T10:50:21Z
audio,41.69514166075649,IGA Marché Tellier Sainte Dorothee,2026-06-14T10:50:41Z
audio,47.674878542178725,IGA Marché Tellier Sainte Dorothee,2026-06-14T10:50:41Z
audio,48.3162445410234,IGA Marché Tellier Sainte Dorothee,2026-06-14T10:50:41Z
audio,48.91897899053453,IGA Marché Tellier Sainte Dorothee,2026-06-14T10:50:41Z
audio,49.21028603186194,IGA Marché Tellier Sainte Dorothee,2026-06-14T10:50:41Z
audio,50.43281906803101,IGA Marché Tellier Sainte Dorothee,2026-06-14T10:50:41Z
audio,48.13942724662888,IGA Marché Tellier Sainte Dorothee,2026-06-14T10:50:41Z
audio,49.14735578851415,IGA Marché Tellier Sainte Dorothee,2026-06-14T10:50:41Z
audio,50.31523396208093,IGA Marché Tellier Sainte Dorothee,2026-06-14T10:50:41Z
audio,51.56316068757879,IGA Marché Tellier Sainte Dorothee,2026-06-14T10:50:41Z
audio,47.11285402954991,IGA Marché Tellier Sainte Dorothee,2026-06-14T10:50:41Z
audio,46.81068653249617,IGA Marché Tellier Sainte Dorothee,2026-06-14T10:50:41Z
audio,47.475137169548546,IGA Marché Tellier Sainte Dorothee,2026-06-14T10:50:41Z
audio,48.65792353166667,IGA Marché Tellier Sainte Dorothee,2026-06-14T10:50:41Z
audio,50.86284942020137,IGA Marché Tellier Sainte Dorothee,2026-06-14T10:50:41Z
audio,50.50603340800994,IGA Marché Tellier Sainte Dorothee,2026-06-14T10:50:41Z
audio,49.44147537605371,IGA Marché Tellier Sainte Dorothee,2026-06-14T10:50:41Z
audio,46.36097320789341,IGA Marché Tellier Sainte Dorothee,2026-06-14T10:51:04Z
audio,50.56126646140594,IGA Marché Tellier Sainte Dorothee,2026-06-14T10:51:04Z
audio,51.90971989436924,IGA Marché Tellier Sainte Dorothee,2026-06-14T10:51:04Z
audio,50.66984768302058,IGA Marché Tellier Sainte Dorothee,2026-06-14T10:51:04Z
audio,47.46805562094657,IGA Marché Tellier Sainte Dorothee,2026-06-14T10:51:04Z
audio,49.159060669714094,IGA Marché Tellier Sainte Dorothee,2026-06-14T10:51:04Z
audio,50.213193956809825,IGA Marché Tellier Sainte Dorothee,2026-06-14T10:51:04Z
audio,49.68588332420325,IGA Marché Tellier Sainte Dorothee,2026-06-14T10:51:04Z
audio,48.72623750876426,IGA Marché Tellier Sainte Dorothee,2026-06-14T10:51:04Z
audio,50.60567153426021,IGA Marché Tellier Sainte Dorothee,2026-06-14T10:51:04Z
audio,49.533732611490194,IGA Marché Tellier Sainte Dorothee,2026-06-14T10:51:04Z
audio,51.22834287319887,IGA Marché Tellier Sainte Dorothee,2026-06-14T10:51:04Z
audio,51.030366429480736,IGA Marché Tellier Sainte Dorothee,2026-06-14T10:51:04Z
audio,50.185352590112245,IGA Marché Tellier Sainte Dorothee,2026-06-14T10:51:04Z
audio,47.744610113917815,IGA Marché Tellier Sainte Dorothee,2026-06-14T10:51:04Z
audio,50.116540393630416,IGA Marché Tellier Sainte Dorothee,2026-06-14T10:51:04Z
audio,50.25585163074308,IGA Marché Tellier Sainte Dorothee,2026-06-14T10:51:04Z
audio,44.08215515610445,IGA Marché Tellier Sainte Dorothee,2026-06-14T10:51:24Z
audio,49.19596146974635,IGA Marché Tellier Sainte Dorothee,2026-06-14T10:51:24Z
audio,50.136985726202006,IGA Marché Tellier Sainte Dorothee,2026-06-14T10:51:24Z
audio,50.779081887117414,IGA Marché Tellier Sainte Dorothee,2026-06-14T10:51:24Z
audio,48.54099003925533,IGA Marché Tellier Sainte Dorothee,2026-06-14T10:51:24Z
audio,48.9330112137225,IGA Marché Tellier Sainte Dorothee,2026-06-14T10:51:24Z
audio,50.450658042596494,IGA Marché Tellier Sainte Dorothee,2026-06-14T10:51:24Z
audio,49.66661691743211,IGA Marché Tellier Sainte Dorothee,2026-06-14T10:51:24Z
audio,47.74134551670075,IGA Marché Tellier Sainte Dorothee,2026-06-14T10:51:24Z
audio,47.75415818612064,IGA Marché Tellier Sainte Dorothee,2026-06-14T10:51:24Z
audio,49.68387844831973,IGA Marché Tellier Sainte Dorothee,2026-06-14T10:51:24Z
audio,50.07196745718937,IGA Marché Tellier Sainte Dorothee,2026-06-14T10:51:24Z
audio,51.22318105391272,IGA Marché Tellier Sainte Dorothee,2026-06-14T10:51:24Z
audio,50.33075736542334,IGA Marché Tellier Sainte Dorothee,2026-06-14T10:51:24Z
audio,49.57333401620323,IGA Marché Tellier Sainte Dorothee,2026-06-14T10:51:24Z
audio,51.73469626847445,IGA Marché Tellier Sainte Dorothee,2026-06-14T10:51:24Z
audio,51.6000602904261,IGA Marché Tellier Sainte Dorothee,2026-06-14T10:51:24Z
audio,44.05797040722665,IGA Marché Tellier Sainte Dorothee,2026-06-14T10:51:45Z
audio,50.12401736704342,IGA Marché Tellier Sainte Dorothee,2026-06-14T10:51:45Z
audio,51.21726711155432,IGA Marché Tellier Sainte Dorothee,2026-06-14T10:51:45Z
audio,49.4221538243971,IGA Marché Tellier Sainte Dorothee,2026-06-14T10:51:45Z
audio,49.06577255607141,IGA Marché Tellier Sainte Dorothee,2026-06-14T10:51:45Z
audio,46.510817917553176,IGA Marché Tellier Sainte Dorothee,2026-06-14T10:51:45Z
audio,48.45061475446031,IGA Marché Tellier Sainte Dorothee,2026-06-14T10:51:45Z
audio,48.82638159937221,IGA Marché Tellier Sainte Dorothee,2026-06-14T10:51:45Z
audio,47.00919180358184,IGA Marché Tellier Sainte Dorothee,2026-06-14T10:51:45Z
audio,48.45857824660078,IGA Marché Tellier Sainte Dorothee,2026-06-14T10:51:45Z
audio,48.40296434869,IGA Marché Tellier Sainte Dorothee,2026-06-14T10:51:45Z
audio,52.10333007870994,IGA Marché Tellier Sainte Dorothee,2026-06-14T10:51:45Z
audio,48.931643328522696,IGA Marché Tellier Sainte Dorothee,2026-06-14T10:51:45Z
audio,48.4093254618731,IGA Marché Tellier Sainte Dorothee,2026-06-14T10:51:45Z
audio,49.66065182714683,IGA Marché Tellier Sainte Dorothee,2026-06-14T10:51:45Z
audio,50.39495359598728,IGA Marché Tellier Sainte Dorothee,2026-06-14T10:51:45Z
audio,50.74507118593896,IGA Marché Tellier Sainte Dorothee,2026-06-14T10:51:45Z
audio,45.64932925379246,IGA Marché Tellier Sainte Dorothee,2026-06-14T10:52:06Z
audio,51.8486862208831,IGA Marché Tellier Sainte Dorothee,2026-06-14T10:52:06Z
audio,49.65099501587173,IGA Marché Tellier Sainte Dorothee,2026-06-14T10:52:06Z
audio,49.369348250669276,IGA Marché Tellier Sainte Dorothee,2026-06-14T10:52:06Z
audio,49.130481783367195,IGA Marché Tellier Sainte Dorothee,2026-06-14T10:52:06Z
audio,49.562712086915724,IGA Marché Tellier Sainte Dorothee,2026-06-14T10:52:06Z
audio,50.60992492658186,IGA Marché Tellier Sainte Dorothee,2026-06-14T10:52:06Z
audio,49.8247755377005,IGA Marché Tellier Sainte Dorothee,2026-06-14T10:52:06Z
audio,47.42357352977073,IGA Marché Tellier Sainte Dorothee,2026-06-14T10:52:06Z
audio,48.917771318743384,IGA Marché Tellier Sainte Dorothee,2026-06-14T10:52:06Z
audio,47.41707253861279,IGA Marché Tellier Sainte Dorothee,2026-06-14T10:52:06Z
audio,48.42178913800968,IGA Marché Tellier Sainte Dorothee,2026-06-14T10:52:06Z
audio,50.325031924273716,IGA Marché Tellier Sainte Dorothee,2026-06-14T10:52:06Z
audio,49.615024168779634,IGA Marché Tellier Sainte Dorothee,2026-06-14T10:52:06Z
audio,50.14402842175164,IGA Marché Tellier Sainte Dorothee,2026-06-14T10:52:06Z
audio,51.33096816942815,IGA Marché Tellier Sainte Dorothee,2026-06-14T10:52:06Z
audio,49.821617173812754,IGA Marché Tellier Sainte Dorothee,2026-06-14T10:52:06Z
audio,43.33429848736895,IGA Marché Tellier Sainte Dorothee,2026-06-14T10:52:27Z
audio,49.13456416509783,IGA Marché Tellier Sainte Dorothee,2026-06-14T10:52:27Z
audio,51.560154575655076,IGA Marché Tellier Sainte Dorothee,2026-06-14T10:52:27Z
audio,48.27338839835061,IGA Marché Tellier Sainte Dorothee,2026-06-14T10:52:27Z
audio,49.98731272547842,IGA Marché Tellier Sainte Dorothee,2026-06-14T10:52:27Z
audio,48.524527495960456,IGA Marché Tellier Sainte Dorothee,2026-06-14T10:52:27Z
audio,47.943417898553655,IGA Marché Tellier Sainte Dorothee,2026-06-14T10:52:27Z
audio,48.82656403921793,IGA Marché Tellier Sainte Dorothee,2026-06-14T10:52:27Z
audio,50.76134423948157,IGA Marché Tellier Sainte Dorothee,2026-06-14T10:52:27Z
audio,50.9269082252525,IGA Marché Tellier Sainte Dorothee,2026-06-14T10:52:27Z
audio,49.02566818365749,IGA Marché Tellier Sainte Dorothee,2026-06-14T10:52:27Z
audio,46.18871444208446,IGA Marché Tellier Sainte Dorothee,2026-06-14T10:52:27Z
audio,46.320469679040926,IGA Marché Tellier Sainte Dorothee,2026-06-14T10:52:27Z
audio,50.98959117561252,IGA Marché Tellier Sainte Dorothee,2026-06-14T10:52:27Z
audio,49.39969783007346,IGA Marché Tellier Sainte Dorothee,2026-06-14T10:52:27Z
audio,46.92436500512008,IGA Marché Tellier Sainte Dorothee,2026-06-14T10:52:27Z
audio,48.45485696230642,IGA Marché Tellier Sainte Dorothee,2026-06-14T10:52:27Z
audio,44.530372977823085,IGA Marché Tellier Sainte Dorothee,2026-06-14T10:52:48Z
audio,49.38797506305613,IGA Marché Tellier Sainte Dorothee,2026-06-14T10:52:48Z
audio,50.485516418449386,IGA Marché Tellier Sainte Dorothee,2026-06-14T10:52:48Z
audio,47.919163713462105,IGA Marché Tellier Sainte Dorothee,2026-06-14T10:52:48Z
audio,48.62430003024497,IGA Marché Tellier Sainte Dorothee,2026-06-14T10:52:48Z
audio,48.624440909459636,IGA Marché Tellier Sainte Dorothee,2026-06-14T10:52:48Z
audio,50.29102409053338,IGA Marché Tellier Sainte Dorothee,2026-06-14T10:52:48Z
audio,51.149948310198575,IGA Marché Tellier Sainte Dorothee,2026-06-14T10:52:48Z
audio,49.89615800509203,IGA Marché Tellier Sainte Dorothee,2026-06-14T10:52:48Z
audio,46.09872864691738,IGA Marché Tellier Sainte Dorothee,2026-06-14T10:52:48Z
audio,48.796353694014904,IGA Marché Tellier Sainte Dorothee,2026-06-14T10:52:48Z
audio,50.30611395148176,IGA Marché Tellier Sainte Dorothee,2026-06-14T10:52:48Z
audio,49.35315860655304,IGA Marché Tellier Sainte Dorothee,2026-06-14T10:52:48Z
audio,48.5135077737766,IGA Marché Tellier Sainte Dorothee,2026-06-14T10:52:48Z
audio,46.63553888981276,IGA Marché Tellier Sainte Dorothee,2026-06-14T10:52:48Z
audio,49.946294897335164,IGA Marché Tellier Sainte Dorothee,2026-06-14T10:52:48Z
audio,50.54143263426453,IGA Marché Tellier Sainte Dorothee,2026-06-14T10:52:48Z
audio,44.65155229216876,IGA Marché Tellier Sainte Dorothee,2026-06-14T10:53:10Z
audio,50.007193187206965,IGA Marché Tellier Sainte Dorothee,2026-06-14T10:53:10Z
audio,47.72550266154155,IGA Marché Tellier Sainte Dorothee,2026-06-14T10:53:10Z
audio,47.620739083672845,IGA Marché Tellier Sainte Dorothee,2026-06-14T10:53:10Z
audio,48.63446171699749,IGA Marché Tellier Sainte Dorothee,2026-06-14T10:53:10Z
audio,50.784294313433776,IGA Marché Tellier Sainte Dorothee,2026-06-14T10:53:10Z
audio,52.490316700474146,IGA Marché Tellier Sainte Dorothee,2026-06-14T10:53:10Z
audio,48.95824388792481,IGA Marché Tellier Sainte Dorothee,2026-06-14T10:53:10Z
audio,47.316034954096146,IGA Marché Tellier Sainte Dorothee,2026-06-14T10:53:10Z
audio,48.27190222085244,IGA Marché Tellier Sainte Dorothee,2026-06-14T10:53:10Z
audio,49.001875486200134,IGA Marché Tellier Sainte Dorothee,2026-06-14T10:53:10Z
audio,50.03067591744542,IGA Marché Tellier Sainte Dorothee,2026-06-14T10:53:10Z
audio,50.231163826516635,IGA Marché Tellier Sainte Dorothee,2026-06-14T10:53:10Z
audio,48.1418130826538,IGA Marché Tellier Sainte Dorothee,2026-06-14T10:53:10Z
audio,47.76571746470375,IGA Marché Tellier Sainte Dorothee,2026-06-14T10:53:10Z
audio,47.904271897661644,IGA Marché Tellier Sainte Dorothee,2026-06-14T10:53:10Z
audio,45.949618999186086,IGA Marché Tellier Sainte Dorothee,2026-06-14T10:53:31Z
audio,54.70959087616742,IGA Marché Tellier Sainte Dorothee,2026-06-14T10:53:31Z
audio,53.19598171784019,IGA Marché Tellier Sainte Dorothee,2026-06-14T10:53:31Z
audio,51.9382037177636,IGA Marché Tellier Sainte Dorothee,2026-06-14T10:53:31Z
audio,53.86638241334439,IGA Marché Tellier Sainte Dorothee,2026-06-14T10:53:31Z
audio,53.43141471414523,IGA Marché Tellier Sainte Dorothee,2026-06-14T10:53:31Z
audio,51.980221823990355,IGA Marché Tellier Sainte Dorothee,2026-06-14T10:53:31Z
audio,48.89106078739063,IGA Marché Tellier Sainte Dorothee,2026-06-14T10:53:31Z
audio,47.74065834203212,IGA Marché Tellier Sainte Dorothee,2026-06-14T10:53:31Z
audio,47.28771245128164,IGA Marché Tellier Sainte Dorothee,2026-06-14T10:53:31Z
audio,50.5298402752632,IGA Marché Tellier Sainte Dorothee,2026-06-14T10:53:31Z
audio,50.37247700683329,IGA Marché Tellier Sainte Dorothee,2026-06-14T10:53:31Z
audio,51.11746154224825,IGA Marché Tellier Sainte Dorothee,2026-06-14T10:53:31Z
audio,50.79079766553462,IGA Marché Tellier Sainte Dorothee,2026-06-14T10:53:31Z
audio,50.45791841312605,IGA Marché Tellier Sainte Dorothee,2026-06-14T10:53:31Z
audio,51.744841885795836,IGA Marché Tellier Sainte Dorothee,2026-06-14T10:53:31Z
audio,48.94982862234623,IGA Marché Tellier Sainte Dorothee,2026-06-14T10:53:31Z
audio,43.18245966611639,IGA Marché Tellier Sainte Dorothee,2026-06-14T10:53:52Z
audio,48.41504138328549,IGA Marché Tellier Sainte Dorothee,2026-06-14T10:53:52Z
audio,46.798250657716366,IGA Marché Tellier Sainte Dorothee,2026-06-14T10:53:52Z
audio,49.90003173838774,IGA Marché Tellier Sainte Dorothee,2026-06-14T10:53:52Z
audio,51.879785950333726,IGA Marché Tellier Sainte Dorothee,2026-06-14T10:53:52Z
audio,52.561211159440326,IGA Marché Tellier Sainte Dorothee,2026-06-14T10:53:52Z
audio,48.63941348316417,IGA Marché Tellier Sainte Dorothee,2026-06-14T10:53:52Z
audio,47.151526018325725,IGA Marché Tellier Sainte Dorothee,2026-06-14T10:53:52Z
audio,48.880707786887,IGA Marché Tellier Sainte Dorothee,2026-06-14T10:53:52Z
audio,50.008048623826554,IGA Marché Tellier Sainte Dorothee,2026-06-14T10:53:52Z
audio,51.06506937451289,IGA Marché Tellier Sainte Dorothee,2026-06-14T10:53:52Z
audio,49.753955330068756,IGA Marché Tellier Sainte Dorothee,2026-06-14T10:53:52Z
audio,46.474928961527354,IGA Marché Tellier Sainte Dorothee,2026-06-14T10:53:52Z
audio,48.03740915451744,IGA Marché Tellier Sainte Dorothee,2026-06-14T10:53:52Z
audio,50.27438584226832,IGA Marché Tellier Sainte Dorothee,2026-06-14T10:53:52Z
audio,49.23413788937466,IGA Marché Tellier Sainte Dorothee,2026-06-14T10:53:52Z
audio,47.1673690498975,IGA Marché Tellier Sainte Dorothee,2026-06-14T10:53:52Z
audio,47.2377540559644,IGA Marché Tellier Sainte Dorothee,2026-06-14T10:54:14Z
audio,49.453882379161776,IGA Marché Tellier Sainte Dorothee,2026-06-14T10:54:14Z
audio,46.54437079962647,IGA Marché Tellier Sainte Dorothee,2026-06-14T10:54:14Z
audio,48.79332444074802,IGA Marché Tellier Sainte Dorothee,2026-06-14T10:54:14Z
audio,48.28873715272216,IGA Marché Tellier Sainte Dorothee,2026-06-14T10:54:14Z
audio,49.661117435048524,IGA Marché Tellier Sainte Dorothee,2026-06-14T10:54:14Z
audio,49.84800547219265,IGA Marché Tellier Sainte Dorothee,2026-06-14T10:54:14Z
audio,49.03280409943963,IGA Marché Tellier Sainte Dorothee,2026-06-14T10:54:14Z
audio,47.866173618371874,IGA Marché Tellier Sainte Dorothee,2026-06-14T10:54:14Z
audio,47.65984552040997,IGA Marché Tellier Sainte Dorothee,2026-06-14T10:54:14Z
audio,50.85321022408095,IGA Marché Tellier Sainte Dorothee,2026-06-14T10:54:14Z
audio,49.07980477502687,IGA Marché Tellier Sainte Dorothee,2026-06-14T10:54:14Z
audio,47.78836073674902,IGA Marché Tellier Sainte Dorothee,2026-06-14T10:54:14Z
audio,46.334660840470335,IGA Marché Tellier Sainte Dorothee,2026-06-14T10:54:14Z
audio,50.0931644886036,IGA Marché Tellier Sainte Dorothee,2026-06-14T10:54:14Z
audio,49.87703143016148,IGA Marché Tellier Sainte Dorothee,2026-06-14T10:54:14Z
audio,49.42813794417319,IGA Marché Tellier Sainte Dorothee,2026-06-14T10:54:14Z
audio,42.593120489415675,IGA Marché Tellier Sainte Dorothee,2026-06-14T10:54:35Z
audio,46.47009792449939,IGA Marché Tellier Sainte Dorothee,2026-06-14T10:54:35Z
audio,48.30424519084471,IGA Marché Tellier Sainte Dorothee,2026-06-14T10:54:35Z
audio,49.35697509587125,IGA Marché Tellier Sainte Dorothee,2026-06-14T10:54:35Z
audio,49.16010180220752,IGA Marché Tellier Sainte Dorothee,2026-06-14T10:54:35Z
audio,49.51824865402452,IGA Marché Tellier Sainte Dorothee,2026-06-14T10:54:35Z
audio,47.23456983320019,IGA Marché Tellier Sainte Dorothee,2026-06-14T10:54:35Z
audio,47.860240096868374,IGA Marché Tellier Sainte Dorothee,2026-06-14T10:54:35Z
audio,49.674970089004276,IGA Marché Tellier Sainte Dorothee,2026-06-14T10:54:35Z
audio,50.9416418253317,IGA Marché Tellier Sainte Dorothee,2026-06-14T10:54:35Z
audio,51.10319661411211,IGA Marché Tellier Sainte Dorothee,2026-06-14T10:54:35Z
audio,49.53169444076572,IGA Marché Tellier Sainte Dorothee,2026-06-14T10:54:35Z
audio,47.09824396013916,IGA Marché Tellier Sainte Dorothee,2026-06-14T10:54:35Z
audio,49.20916506697904,IGA Marché Tellier Sainte Dorothee,2026-06-14T10:54:35Z
audio,49.79563015196521,IGA Marché Tellier Sainte Dorothee,2026-06-14T10:54:35Z
audio,52.88419364008093,IGA Marché Tellier Sainte Dorothee,2026-06-14T10:54:35Z
audio,42.395877763856866,IGA Marché Tellier Sainte Dorothee,2026-06-14T10:54:55Z
audio,50.530224062080016,IGA Marché Tellier Sainte Dorothee,2026-06-14T10:54:55Z
audio,50.09508831785128,IGA Marché Tellier Sainte Dorothee,2026-06-14T10:54:55Z
audio,50.919600248172245,IGA Marché Tellier Sainte Dorothee,2026-06-14T10:54:55Z
audio,47.828271316865425,IGA Marché Tellier Sainte Dorothee,2026-06-14T10:54:55Z
audio,47.65728791822775,IGA Marché Tellier Sainte Dorothee,2026-06-14T10:54:55Z
audio,49.73835645505167,IGA Marché Tellier Sainte Dorothee,2026-06-14T10:54:55Z
audio,50.27596713059264,IGA Marché Tellier Sainte Dorothee,2026-06-14T10:54:55Z
audio,50.07549369237437,IGA Marché Tellier Sainte Dorothee,2026-06-14T10:54:55Z
audio,47.90110095982708,IGA Marché Tellier Sainte Dorothee,2026-06-14T10:54:55Z
audio,49.34988775099161,IGA Marché Tellier Sainte Dorothee,2026-06-14T10:54:55Z
audio,50.86863633095491,IGA Marché Tellier Sainte Dorothee,2026-06-14T10:54:55Z
audio,51.09227410537176,IGA Marché Tellier Sainte Dorothee,2026-06-14T10:54:55Z
audio,46.55261116641385,IGA Marché Tellier Sainte Dorothee,2026-06-14T10:54:55Z
audio,47.479921767393535,IGA Marché Tellier Sainte Dorothee,2026-06-14T10:54:55Z
audio,48.24981695045575,IGA Marché Tellier Sainte Dorothee,2026-06-14T10:54:55Z
audio,49.46248758980778,IGA Marché Tellier Sainte Dorothee,2026-06-14T10:54:55Z
audio,44.328133558721944,IGA Marché Tellier Sainte Dorothee,2026-06-14T10:55:12Z
audio,48.40148084689814,IGA Marché Tellier Sainte Dorothee,2026-06-14T10:55:12Z
audio,49.15428131860985,IGA Marché Tellier Sainte Dorothee,2026-06-14T10:55:12Z
audio,47.715083120450515,IGA Marché Tellier Sainte Dorothee,2026-06-14T10:55:12Z
audio,48.897889591962084,IGA Marché Tellier Sainte Dorothee,2026-06-14T10:55:12Z
audio,51.678451526576566,IGA Marché Tellier Sainte Dorothee,2026-06-14T10:55:12Z
audio,50.81794541980466,IGA Marché Tellier Sainte Dorothee,2026-06-14T10:55:12Z
audio,49.63363332004762,IGA Marché Tellier Sainte Dorothee,2026-06-14T10:55:12Z
audio,48.54949650695438,IGA Marché Tellier Sainte Dorothee,2026-06-14T10:55:12Z
audio,46.53643039839573,IGA Marché Tellier Sainte Dorothee,2026-06-14T10:55:12Z
audio,48.14639825515801,IGA Marché Tellier Sainte Dorothee,2026-06-14T10:55:12Z
audio,48.86940499716186,IGA Marché Tellier Sainte Dorothee,2026-06-14T10:55:12Z
audio,49.85311157469916,IGA Marché Tellier Sainte Dorothee,2026-06-14T10:55:12Z
audio,47.906573687344846,IGA Marché Tellier Sainte Dorothee,2026-06-14T10:55:12Z
audio,49.70271659315958,IGA Marché Tellier Sainte Dorothee,2026-06-14T10:55:12Z
audio,50.50694588988129,IGA Marché Tellier Sainte Dorothee,2026-06-14T10:55:12Z
audio,44.11565127621938,IGA Marché Tellier Sainte Dorothee,2026-06-14T10:55:33Z
audio,48.576294240615425,IGA Marché Tellier Sainte Dorothee,2026-06-14T10:55:33Z
audio,48.179840824300946,IGA Marché Tellier Sainte Dorothee,2026-06-14T10:55:33Z
audio,48.65499962417357,IGA Marché Tellier Sainte Dorothee,2026-06-14T10:55:33Z
audio,51.66040351486889,IGA Marché Tellier Sainte Dorothee,2026-06-14T10:55:33Z
audio,49.498983228879176,IGA Marché Tellier Sainte Dorothee,2026-06-14T10:55:33Z
audio,45.27875322275358,IGA Marché Tellier Sainte Dorothee,2026-06-14T10:55:33Z
audio,48.295574300039775,IGA Marché Tellier Sainte Dorothee,2026-06-14T10:55:33Z
audio,49.718613487108094,IGA Marché Tellier Sainte Dorothee,2026-06-14T10:55:33Z
audio,51.730756217685794,IGA Marché Tellier Sainte Dorothee,2026-06-14T10:55:33Z
audio,50.94903699889585,IGA Marché Tellier Sainte Dorothee,2026-06-14T10:55:33Z
audio,48.02016770694983,IGA Marché Tellier Sainte Dorothee,2026-06-14T10:55:33Z
audio,48.21522916646411,IGA Marché Tellier Sainte Dorothee,2026-06-14T10:55:33Z
audio,49.20659682057581,IGA Marché Tellier Sainte Dorothee,2026-06-14T10:55:33Z
audio,51.84376575913426,IGA Marché Tellier Sainte Dorothee,2026-06-14T10:55:33Z
audio,49.68180393453476,IGA Marché Tellier Sainte Dorothee,2026-06-14T10:55:33Z
audio,47.94563908167768,IGA Marché Tellier Sainte Dorothee,2026-06-14T10:55:33Z
audio,44.372111045326875,IGA Marché Tellier Sainte Dorothee,2026-06-14T10:55:54Z
audio,49.57395888562829,IGA Marché Tellier Sainte Dorothee,2026-06-14T10:55:54Z
audio,48.41304203617989,IGA Marché Tellier Sainte Dorothee,2026-06-14T10:55:54Z
audio,46.94629040635156,IGA Marché Tellier Sainte Dorothee,2026-06-14T10:55:54Z
audio,49.7656647010175,IGA Marché Tellier Sainte Dorothee,2026-06-14T10:55:54Z
audio,52.26672410198681,IGA Marché Tellier Sainte Dorothee,2026-06-14T10:55:54Z
audio,50.02656244063896,IGA Marché Tellier Sainte Dorothee,2026-06-14T10:55:54Z
audio,46.91071186721368,IGA Marché Tellier Sainte Dorothee,2026-06-14T10:55:54Z
audio,47.794424941865394,IGA Marché Tellier Sainte Dorothee,2026-06-14T10:55:54Z
audio,49.178479518483456,IGA Marché Tellier Sainte Dorothee,2026-06-14T10:55:54Z
audio,49.733629321032524,IGA Marché Tellier Sainte Dorothee,2026-06-14T10:55:54Z
audio,47.67778453202068,IGA Marché Tellier Sainte Dorothee,2026-06-14T10:55:54Z
audio,48.147878728162,IGA Marché Tellier Sainte Dorothee,2026-06-14T10:55:54Z
audio,44.643478245037414,IGA Marché Tellier Sainte Dorothee,2026-06-14T10:55:54Z
audio,50.86949714842491,IGA Marché Tellier Sainte Dorothee,2026-06-14T10:55:54Z
audio,51.079638411739374,IGA Marché Tellier Sainte Dorothee,2026-06-14T10:55:54Z
audio,49.41759069572508,IGA Marché Tellier Sainte Dorothee,2026-06-14T10:55:54Z
audio,45.954003077293955,IGA Marché Tellier Sainte Dorothee,2026-06-14T10:56:15Z
audio,49.37187420900787,IGA Marché Tellier Sainte Dorothee,2026-06-14T10:56:15Z
audio,48.35222963677963,IGA Marché Tellier Sainte Dorothee,2026-06-14T10:56:15Z
audio,49.713389507901866,IGA Marché Tellier Sainte Dorothee,2026-06-14T10:56:15Z
audio,48.12498774921893,IGA Marché Tellier Sainte Dorothee,2026-06-14T10:56:15Z
audio,47.90979055275412,IGA Marché Tellier Sainte Dorothee,2026-06-14T10:56:15Z
audio,48.64861509414264,IGA Marché Tellier Sainte Dorothee,2026-06-14T10:56:15Z
audio,49.35615567714828,IGA Marché Tellier Sainte Dorothee,2026-06-14T10:56:15Z
audio,50.59237220188048,IGA Marché Tellier Sainte Dorothee,2026-06-14T10:56:15Z
audio,49.54942555438771,IGA Marché Tellier Sainte Dorothee,2026-06-14T10:56:15Z
audio,48.848203184017216,IGA Marché Tellier Sainte Dorothee,2026-06-14T10:56:15Z
audio,49.13743656966358,IGA Marché Tellier Sainte Dorothee,2026-06-14T10:56:15Z
audio,48.07239553367068,IGA Marché Tellier Sainte Dorothee,2026-06-14T10:56:15Z
audio,49.16518001024286,IGA Marché Tellier Sainte Dorothee,2026-06-14T10:56:15Z
audio,47.757043364101044,IGA Marché Tellier Sainte Dorothee,2026-06-14T10:56:15Z
audio,49.36091875576495,IGA Marché Tellier Sainte Dorothee,2026-06-14T10:56:15Z
audio,47.40352489361561,IGA Marché Tellier Sainte Dorothee,2026-06-14T10:56:15Z
